factory_code	name	address	city	country	region	product	status	compliance	latitude	longitude	capacity	contact	email	last_order	location_type
IMPRAG	Imports Rag	Level 1, 409 George St Waterloo New South Wales 2017 Australia	Waterloo	Australia	Oceania	Unspecified	Active	Not Set	-26.4784	132.4111	500000	IMPRAG2 - IMPORTS RAG		3/12/2025	Approximate
BELL001	Bellview Corporation Pty Ltd	41 Lakeside Ave Reservoir Victoria 3073 Australia	Reservoir	Australia	Oceania	Unspecified	Active	Not Set	-25.0744	133.7271		BELL001 - BELLVIEW CORPORATION PTY LTD			Approximate
BELMOR	Zhuji Moretex Socks Co. Ltd	NO.11 LIANHE ROAD,TAOZHU STREET,ZHUJI CITY,ZHEJIANG,CHINA zhuji Zhejiang Sheng 311800 China	Zhuji	China	Asia	Unspecified	Inactive	Not Set	34.6497	103.0714	3000000	BELL001 - BELLVIEW CORPORATION PTY LTD			Approximate
BRI001	Brightview Global Holdings Pty Ltd	Block B Unit G10 5 Bidjigal Road Arncliffe New South Wales 2205 Australia	Arncliffe	Australia	Oceania	Unspecified	Active	Not Set	-24.4664	134.4151	200000	BRI001 - BRIGHTVIEW GROUP (BILLION PRAISE LTD)	nick@brightview.com.au	19/08/2022	Approximate
BRIBRI	Shenyang Brightview Apparel Co. Ltd	RM1003 golden international mansion,no. 355 zhongshan road.shenhe dist. RM604 tianxin mansion, No.155 gongnong road, shenyang/nantong Liaoning Sheng China	Shenyang/Nantong	China	Asia	Unspecified	Inactive	Not Set	37.3977	106.1674	100000	BRI001 - BRIGHTVIEW GROUP (BILLION PRAISE LTD)		26/05/2023	Approximate
BRIJIN	Yiwu Jinding Garments Co. Ltd	No 131, Zhenzhong North Road,Dachen Town Yiwu Zhejiang Sheng China	Yiwu	China	Asia	Unspecified	Inactive	Not Set	36.4057	103.6994	100000	BRI001 - BRIGHTVIEW GROUP (BILLION PRAISE LTD) , ROY001C - VCL ENTERPRISES PTY LTD (ROYAL SPIRIT AUSTRALIA)		28/09/2022	Approximate
BRISAN	Ningbo Sangtai Garment Co. Ltd	Yushantou Village, Dongqiao Town, Yinzhou District Ningbo Zhejiang Sheng China	Ningbo	China	Asia	Unspecified	Active	Not Set	35.2457	105.0114	280000	BRI001 - BRIGHTVIEW GROUP (BILLION PRAISE LTD)			Approximate
BRIYIW	Zhejiang Yiwu Yi Su Garments Co. Ltd	da chen, yiwu,zhe jiang yiwu Zhejiang Sheng China	Yiwu	China	Asia	Unspecified	Inactive	Not Set	37.7217	105.3234	80000	BRI001 - BRIGHTVIEW GROUP (BILLION PRAISE LTD)		13/05/2021	Approximate
BRITIA	Yiwu Tianyu Garment Co. Ltd	No.1, Aojiang Road, Dachen Town, Yiwu, China yiwu Zhejiang Sheng China	Yiwu	China	Asia	Unspecified	Inactive	Not Set	36.0057	102.6834	9	BRI001 - BRIGHTVIEW GROUP (BILLION PRAISE LTD)		25/05/2021	Approximate
BRIFEN	Ningbo Fenghua Dongmao Garment Factory (General Partnership)	NO.325 Huiquan Road,Sanheng area,Economic development Zone,Fenghua,Ningbo,Zhejiang China Fenghua Zhejiang Sheng China	Fenghua	China	Asia	Unspecified	Inactive	Not Set	35.2497	105.7514	30000	BRI001 - BRIGHTVIEW GROUP (BILLION PRAISE LTD)			Approximate
EAG002	Eagle Australia	4-6 Lincoln St brunswick east Victoria 3057 Australia	Brunswick East	Australia	Oceania	Unspecified	Active	Not Set	-24.7584	132.0511	10000	EAG002 - EAGLE AUSTRALIA			Approximate
EAGHOM	Home I Technology Co. Ltd	NO. 417, HUATAN ST., HUATAN HSIANG, CHANGHUA, TAIWAN R.O.C HUATAN HSIANG Changhua 50352 Taiwan	Huatan Hsiang	Taiwan	Asia	Unspecified	Active	Not Set	22.5258	122.9165	150000	EAG002 - EAGLE AUSTRALIA		16/01/2025	Approximate
EAGCHE	Wenzhou Chengxin Leather Co. Ltd	No.1 MAOZHU RD,SHUITOU TOWN PINGYANG COUNTY WENZHOU Zhejiang Sheng 325405 China	Pingyang County	China	Asia	Unspecified	Active	Not Set	37.1737	105.1954		EAG002 - EAGLE AUSTRALIA		23/03/2021	Approximate
NET003	Funtastic	Level 2, 307 Ferntree Gully Road Mount Waverley Victoria 3149 Australia	Mount Waverley	Australia	Oceania	Unspecified	Active	Not Set	-24.4704	133.7271	50	NET003 - FUNTASTIC LIMITED			Approximate
NETSHE	Haiyan Shenda Clothes Co. Ltd	Haitang Village Xitangqiao Town Haiyan County Zhejiang Sheng China	Haiyan County	China	Asia	Unspecified	Inactive	Not Set	35.8897	102.9074	60000	NET003 - FUNTASTIC LIMITED			Approximate
FIB001	Fibre International Ltd	UNIT 2 17 Link Crescent Stanmore Bay, AUCKLAND Auckland 0932 New Zealand	Stanmore Bay, Auckland	New Zealand	Oceania	Unspecified	Active	Not Set	-40.8286	176.598	30000	FIB001 - FIBRE INTERNATIONAL LTD	mark@fibreltd.co.nz		Approximate
FIBWAD	Ningbo Wader Leather Co. Ltd	2 FLOOR,NO 257 TONGHUI ROAD,JIANGBEI ,NINGBO ,CHINA ningbo Zhejiang Sheng 315033 China	Ningbo	China	Asia	Unspecified	Inactive	Not Set	37.1977	102.4794	100000	FIB001 - FIBRE INTERNATIONAL LTD	mark@waderleather.com	21/03/2022	Approximate
GAL001	Galleon Int. Trade Co. Ltd.（Vast Miracle International Limited）	26/F,58 QIZHA STREET HAISHU DISTRICT NINGBO Zhejiang Sheng 315010 China	Haishu District	China	Asia	Unspecified	Active	Not Set	34.8817	106.0154	500000	GAL001 - GALLEON INT. TRADE CO.,LTD.(VAST MIRACLE INTERNATIONAL)			Approximate
GALDAK	Ningbo Dakang Garment Co. Ltd	ShangShui Qi Village DongQiao HaiShu District, NingBo NingBo Zhejiang Sheng China	Ningbo	China	Asia	Unspecified	Inactive	Not Set	34.2777	103.3674	40	GAL001 - GALLEON INT. TRADE CO.,LTD.(VAST MIRACLE INTERNATIONAL)			Approximate
GALJIN	Ningbo Jin Ting Garment Co. Ltd	Baojia Village,Gulin Town,Haishu District,Ningbo Ningbo Zhejiang Sheng 315176 China	Ningbo	China	Asia	Unspecified	Inactive	Not Set	36.7217	105.3834	100000	GAL001 - GALLEON INT. TRADE CO.,LTD.(VAST MIRACLE INTERNATIONAL)			Approximate
GALSHE	Xiang Shan Shen Hua Garment Co. Ltd	No.115,Leixi Road,Qiangtou Village,Qiangtou Town Xiangshan County,Ningbo City,Zhejiang,China NINGBO Zhejiang Sheng 315715 China	Ningbo	China	Asia	Unspecified	Inactive	Not Set	36.7097	103.0314	80000	GAL001 - GALLEON INT. TRADE CO.,LTD.(VAST MIRACLE INTERNATIONAL)			Approximate
GALDON	Ningbo Dongyong Garment Co. Ltd	Huixian Village,Sian Village,Wuxiang Town,Yinzhou District,Ningbo Ningbo Zhejiang Sheng 315111 China	Ningbo	China	Asia	Unspecified	Inactive	Not Set	36.9257	104.8194	80000	GAL001 - GALLEON INT. TRADE CO.,LTD.(VAST MIRACLE INTERNATIONAL)			Approximate
GOL004	Golden Wolfe Footwear (HK) Ltd	G501 Huifeng International Nange Zhong Road Daojiao Dongguan Guangdong Sheng 523187 China	Dongguan	China	Asia	Unspecified	Active	Not Set	36.0177	102.7754	10000000	GOL004 - GOLDEN WOLFE FOOTWEAR HK LTD			Approximate
GOLANH	Anhui Zhongling Shoes Co. Ltd	Huainan Yuancheng Agriculture Machinery Company Standard Workshop, Fengtai Economical and Development Zone Huainan City, Anhui Sheng China	Huainan City,	China	Asia	Unspecified	Inactive	Not Set	33.9217	104.9114	1000000				Approximate
SON001C	Guangdong Textiles Import & Export Co. Ltd	501 Guangdong Textiles Mansion, 168 XiaoBei Road, Guangzhou, 510045, China GUANGZHOU Guangdong Sheng China	Guangzhou	China	Asia	Unspecified	Active	Not Set	37.7057	102.4274	15000	SON001C - GUANGDONG TEXTILES IMPORT & EXPORT CO, LTD (SONNETEX PTY LTD)		29/07/2025	Approximate
SONZHO	Guang Dong Zhong Ao Garment Co. Ltd	NO.108, Ming Yuan East Road of Chengdong Town in Haifeng, Shanwei, Guangdong, China Shanwei Guangdong Sheng China	Shanwei	China	Asia	Unspecified	Inactive	Not Set	34.0977	104.2594	18000	SON001C - GUANGDONG TEXTILES IMPORT & EXPORT CO, LTD (SONNETEX PTY LTD)		26/03/2024	Approximate
SONSAN	Shaoxing Sanye Textile & Garments Co. Ltd	NO.3, TANGGONG ROAD, PAOJIANG INTUSTRIAL ZONE SHAOXING Zhejiang Sheng China	Shaoxing	China	Asia	Unspecified	Inactive	Not Set	36.2777	104.9194	70000	SON001C - GUANGDONG TEXTILES IMPORT & EXPORT CO, LTD (SONNETEX PTY LTD)			Approximate
SONQUA	Guangzhou Quandi Garment Co. Ltd	No.12 Xingye South Road, Xintang Town, Zengcheng District, Guangzhou. Xin Tang Town, Zeng Cheng District, Guangdong Sheng China	Xin Tang Town, Zeng Cheng District,	China	Asia	Unspecified	Inactive	Not Set	36.2497	105.4194	30000	SON001C - GUANGDONG TEXTILES IMPORT & EXPORT CO, LTD (SONNETEX PTY LTD)			Approximate
SONJIN	Yang Jiang Jinsuilin Garment Co. Ltd	NO. C2-5, CHAOPAISHAN INDUSTRIAL AVENUE, YANG JIANG, GUANGDONG YANG JIANG Guangdong Sheng China	Yang Jiang	China	Asia	Unspecified	Inactive	Not Set	36.9457	102.6834	900	SON001C - GUANGDONG TEXTILES IMPORT & EXPORT CO, LTD (SONNETEX PTY LTD)		14/06/2024	Approximate
REE002	Guangzhou Reego Garment Co,. Ltd	E504, JIAXIN CITY PLAZA, DALIANG, SHUNDE,FOSHAN, GUANGDONG 528300,CHINA DALIANG TOWN, SHUNDE DISTRICT Guangdong Sheng 528300 China	Daliang Town, Shunde District	China	Asia	Unspecified	Active	Not Set	34.3737	106.1834	200000	REE002 - GUANGZHOU REEGO GARMENT CO,.LTD (EVEROLLING INVESTMENT)		15/12/2020	Approximate
REELIG	Ligao Jeans Fashion Ltd	NO.101 JUNLAN ROAD,JUNAN,SHUNDE, FOSHAN,CHINA,528327 FOSHAN Guangdong Sheng 528327 China	Foshan	China	Asia	Unspecified	Inactive	Not Set	37.0577	104.4474	200000	REE002 - GUANGZHOU REEGO GARMENT CO,.LTD (EVEROLLING INVESTMENT)		24/09/2020	Approximate
REECOO	Guangzhou Cool Wolf Dress Co. Ltd	XINSHA ROAD WEST SIDE,HUANG SHATOU VILLIAGE,XINTANG TOWN,GUANGZHOU,CHINA GUANGZHOU Guangdong Sheng 511340 China	Guangzhou	China	Asia	Unspecified	Inactive	Not Set	36.3977	102.4834	80000	REE002 - GUANGZHOU REEGO GARMENT CO,.LTD (EVEROLLING INVESTMENT)		3/10/2024	Approximate
REEDAL	Dalesi Garment Co. Ltd	NO.19, STREET 2, ROAD 1, COWBOY CITY, XINTANG TOWN,GUANGZHOU,CHINA GUANGZHOU Guangdong Sheng 511340 China	Guangzhou	China	Asia	Unspecified	Active	Not Set	36.8217	105.5074	100000	REE002 - GUANGZHOU REEGO GARMENT CO,.LTD (EVEROLLING INVESTMENT)		24/07/2024	Approximate
ISI001	Isidor'S Pty Ltd	U3/150 Old Pittwater RD Brookvale New South Wales 2100 Australia	Brookvale	Australia	Oceania	Unspecified	Inactive	Not Set	-25.8944	134.7711	8	ISI001 - ISIDOR'S PTY LTD			Approximate
ISIJUY	Qingdao Juyin Apparel	Daiyin Industrial Park,East high-tech zone Taian city Shandong Sheng China	Taian City	China	Asia	Unspecified	Inactive	Not Set	36.6897	102.3394	2000	ISI001 - ISIDOR'S PTY LTD			Approximate
NAN001	Nanjing High Textiles Corporation	21/F XIN CHEN PLAZA;26 NORTH ZHONG SHAN ROAD 21/F XIN CHEN PLAZA;26 NORTH ZHONG SHAN ROAD,NANJING 210009, CHINA NANJING Jiangsu Sheng 210009 China	Nanjing	China	Asia	Unspecified	Active	Not Set	37.2537	104.8154	60000	NAN001 - NANJING HIGH TEXTILES CORPORATION			Approximate
NANTON	Danyang Tongyu Garments Co. Ltd	Jianye Road, Industrial park, fangxian Town, Danyang city Danyang city Jiangsu Sheng China	Danyang City	China	Asia	Unspecified	Inactive	Not Set	36.8697	104.2194	100000	NAN001 - NANJING HIGH TEXTILES CORPORATION		30/09/2022	Approximate
NANHUA	Ningbo Huazhong Dress Co. Ltd	No. 2, Jianye Road, Danxi Street, Xiangshan County Ningbo Zhejiang Sheng China	Ningbo	China	Asia	Unspecified	Inactive	Not Set	37.5977	103.9194		NAN001 - NANJING HIGH TEXTILES CORPORATION			Approximate
ONE003	One Twenty Clothing Company Pty Ltd	PO Box 6062 Alexandria New South Wales 2015 Australia	Alexandria	Australia	Oceania	Unspecified	Inactive	Not Set	-23.7024	131.9791	500	ONE003 - ONE TWENTY CLOTHING COMPANY PTY LTD			Approximate
SHAJIA	Yanccheng Jiangxiang Knitting Clothing Co. Ltd	No 6, Yanjiang Rd Yancheng City Jiangsu Sheng China	Yancheng City	China	Asia	Unspecified	Active	Not Set	34.2777	104.7794		SHA010 - SHANGHAI UNITEX APPAREL CO LTD		21/07/2025	Approximate
ONEZHU_DONOTUSE	Zhejiang Zhuji Newdan Garment Co Ltd	No 80 Wangyun Rd, Jiyang St Zhuji Zhejiang Sheng China	Zhuji	China	Asia	Unspecified	Inactive	Not Set	34.7537	104.7234		ONE003 - ONE TWENTY CLOTHING COMPANY PTY LTD			Approximate
SHAGUO	Ningbo Guoxing Knitting Garments Co. Ltd	No 30 Yanqu Rd Ningbo Zhejiang Sheng China	Ningbo	China	Asia	Unspecified	Active	Not Set	34.6777	103.8434		ONE003 - ONE TWENTY CLOTHING COMPANY PTY LTD , SHA010 - SHANGHAI UNITEX APPAREL CO LTD		4/06/2021	Approximate
ROY001C	Vcl Enterprises Pty Ltd Trading As Rs Australia	15 THIRD AVE LANE COVE New South Wales 2066 Australia	Lane Cove	Australia	Oceania	Unspecified	Active	Not Set	-25.6064	132.5671	30	ROY001C - VCL ENTERPRISES PTY LTD (ROYAL SPIRIT AUSTRALIA)			Approximate
ROYJEN	BAODING JINSEN GARMENTS CO LTD	NANWENYING VILLAGE RONGCHENG COUNTY HEBEI PROVINCE CHINA Hebei Sheng China	Hebei Province China	China	Asia	Unspecified	Inactive	Not Set	36.2977	105.3194		ROY001C - VCL ENTERPRISES PTY LTD (ROYAL SPIRIT AUSTRALIA)			Approximate
SH001	Shoes Online International Limited	Unit 3/11 Rocklea Drive, Port Melbourne Victoria 3207 Australia	Port Melbourne	Australia	Oceania	Unspecified	Active	Not Set	-25.8584	135.5671	100000	SH001 - SHOES ONLINE INTERNATIONAL			Approximate
SHOWEN	Wenzhou Global Expand Shoes	NO.76 Binhai Fifth road,Yongxing stree Longwan,Wenzhou Zhejiang Sheng China	Longwan,Wenzhou	China	Asia	Unspecified	Inactive	Not Set	35.7017	103.3314	110	SH001 - SHOES ONLINE INTERNATIONAL			Approximate
SHOXIN	Wenzhou Xingyao Shoes Co. Ltd	Sanqiao Industry zone, Oubei, yongjia Wenzhou Zhejiang Zhejiang Sheng China	Wenzhou Zhejiang	China	Asia	Unspecified	Inactive	Not Set	35.5377	102.8474	300000	SH001 - SHOES ONLINE INTERNATIONAL			Approximate
SHOTEM	Quzhou Temeishu Shoes Co. Ltd	No. 28, Zijing North Road, Furong Village, Qiuchuang Town, Changshan County Quzhou City Zhejiang Sheng China	Quzhou City	China	Asia	Unspecified	Inactive	Not Set	36.3697	103.9194	115000				Approximate
SHORON	Ruian Rongxing Shoes	Farong Village, Feiyun Street, Yunzhou Industrial Zone Ruian City Zhejiang Sheng China	Ruian City	China	Asia	Unspecified	Inactive	Not Set	35.5057	105.7994		SH001 - SHOES ONLINE INTERNATIONAL			Approximate
SHODIN	Wenzhou Dingfeng Shoes Co. Ltd	No. 419, Fengye Road, Lucheng District, Wenzhou City Zhejiang Province Zhejiang Sheng China	Zhejiang Province	China	Asia	Unspecified	Inactive	Not Set	35.2537	103.8994	300000	SH001 - SHOES ONLINE INTERNATIONAL			Approximate
SHOOUH	Wenzhou Ouhai Shunlida Shoes Co,. Ltd	No.5, lane 11, kanghong west road, juxi street, ouhai district Wenzhou Zhejiang Zhejiang Sheng China	Wenzhou Zhejiang	China	Asia	Unspecified	Inactive	Not Set	34.9857	103.5674	60000	SH001 - SHOES ONLINE INTERNATIONAL			Approximate
SKY001	Skye Group Pty Ltd	18 Forrester Street Kingsgrove New South Wales 2100 Australia	Kingsgrove	Australia	Oceania	Unspecified	Inactive	Not Set	-24.6304	132.6551	50	SKY001 - SKYE GROUP PTY LTD		5/06/2020	Approximate
TGB002	Tgbs-The Global Business Solution	UNIT 1, 24 JAMES RUSE DRIVE GRANVILLE, NS AUSTRALIA GRANVILLE New South Wales Australia	Granville	Australia	Oceania	Unspecified	Active	Not Set	-24.9584	132.3391	30000	TGB002 -THE GLOBAL BUSINESS SOLUTION			Approximate
TGBZEN	Guangzhou Zengcheng Ye Cheng Clothing Co. Ltd	BAISHI INDUSTRY ZONE,XINTANG,ZENGCHENG GUANGDONG ZENGCHENG Guangdong Sheng 511340 China	Zengcheng	China	Asia	Unspecified	Inactive	Not Set	37.3777	103.9194	6	TGB002 -THE GLOBAL BUSINESS SOLUTION			Approximate
TEX003	The Texas Group Pty Ltd	10 Manchester place Mulgrave Victoria 3170 Australia	Mulgrave	Australia	Oceania	Unspecified	Active	Not Set	-26.1584	132.7351	20				Approximate
TEXMIN	Ming Pai Clothing Company	Haifeng east Town Induastrial Park Shanwei Guangdong Sheng China	Induastrial Park	China	Asia	Unspecified	Inactive	Not Set	36.3057	104.1114		TEX003 - THE TEXAS GROUP PTY LTD			Approximate
VIS005	Vision Footwear Ltd	Room 2302, Building 4, Zhengqiao Jinyuan, Kanghua Road, Wenzhou City 325000 China	Zhengqiao Jinyuan, Kanghua Road,	China	Asia	Unspecified	Active	Not Set	34.0657	103.9874	80	VIS005 - VISION FOOTWEAR LTD	rick@visionfootwear.com		Approximate
ZZZBES	ZHANGJIAGANG BEST COVER FASHION CO.,LTD	GANGCHENG ROAD .,ZHANGJIAGANG ECONOMIC DEVELOPMENT ZONE ZHANGJIAGANG Jiangsu Sheng 215600 China	Zhangjiagang	China	Asia	Unspecified	Active	Not Set	35.2097	102.4954	40000	ZZZBES - ZHANGJIAGANG BEST COVER FASHION CO.,LTD	shaw@best-cover.com		Approximate
BESBES	Zhangjiagang Best Cover Fashion Co. Ltd	The Economic Development Zone of Zhangjiagang, Zhangjiagang, Suzhou SUZHOU Jiangsu Sheng 215600 China	Zhangjiagang, Suzhou	China	Asia	Unspecified	Active	Not Set	37.2697	104.2714	60000	ZZZBES - ZHANGJIAGANG BEST COVER FASHION CO.,LTD		7/01/2026	Approximate
BESBOY	Yancheng Boya Apparel Co. Ltd	NO.105, Renmin West Road, West Development Zone, Sheyang County, Yan Cheng yancheng Jiangsu Sheng China	Yancheng	China	Asia	Unspecified	Inactive	Not Set	35.1137	104.4154	300000	ZZZBES - ZHANGJIAGANG BEST COVER FASHION CO.,LTD			Approximate
BESHAO	Zhangjiagang Haoze Headwear Co	Tangshi East Street, Yangshe Town, Zhangjiagang suzhou Jiangsu Sheng China	Suzhou	China	Asia	Unspecified	Active	Not Set	33.9657	105.6674	100000	ZZZBES - ZHANGJIAGANG BEST COVER FASHION CO.,LTD			Approximate
ZZZBEY	Beyond Garments Co. Ltd	NO 8 LONGTANSHAN ROAD, BEILUN, NINGBO,CHINA NINGBO Zhejiang Sheng 315801 China	Ningbo	China	Asia	Unspecified	Active	Not Set	36.0737	103.7234	47384	ZZZBEY - BEYOND GARMENTS CO., LTD		4/02/2026	Approximate
JSTGUA	Wuxi Guangming (Group) Co. Ltd	NO.148 YUNHE DONG LU WUXI Jiangsu Sheng China	Wuxi	China	Asia	Unspecified	Inactive	Not Set	36.1137	104.5314	50000	ZZZJST - BRIGHTEX CO LTD		24/07/2020	Approximate
ZZZEVE	Xiamen Everrise Trading Co. Ltd	Suite 204, HongYe Palace 201 HuBin North RD Xiamen Fujian Sheng 361012 China	Xiamen	China	Asia	Unspecified	Active	Not Set	33.9017	102.8914	200	ZZZEVE - EVERRISE INTERNATIONAL CORPORATION			Approximate
EVEBEL	Xiamen Beltop Leather Goods Co. Ltd	2nd Floor,Building D,Road No. 155 Northern of TongSheng ,TongAn District, XIAMEN/TONGAN Fujian Sheng China	Xiamen/Tongan	China	Asia	Unspecified	Active	Not Set	36.0377	102.7914	200	ZZZEVE - EVERRISE INTERNATIONAL CORPORATION		5/03/2024	Approximate
ZZZXIN	Fenghua Xinhuida Knitting Co. Ltd	No. 70 yinhe road, qiucun fenghua ningbo ningbo Zhejiang Sheng 315507 China	Ningbo	China	Asia	Unspecified	Inactive	Not Set	36.9817	103.8994	70	ZZZXIN - FENGHUA XINHUIDA KNITTING CO, LTD			Approximate
ZZZHUI	Nantong Hanhui Fashion Co. Ltd	ROOM 604 NO. 130 BUILDING XUETIAN GARDEN NANTONG CITY Jiangsu Sheng 226007 China	Nantong City	China	Asia	Unspecified	Active	Not Set	34.7017	104.7434	60000	ZZZHUI - NANTONG HANHUI FASHION CO., LTD (SHANGHAI SAGA INT.TRADING CO)	jessonm@163.com		Approximate
HUISAN	Nantong Sanen Fashion Co. Ltd	NO 229 DONGHAI ROAD HAIAN COUNTY NANTONG Jiangsu Sheng 226600 China	Nantong	China	Asia	Unspecified	Active	Not Set	35.1817	102.9634	60000	ZZZHUI - NANTONG HANHUI FASHION CO., LTD (SHANGHAI SAGA INT.TRADING CO)		23/03/2021	Approximate
ZZZJOC	Joc Great Wall Corp	8 SOUTH LIYUAN ROAD, JIANGNING, NANJING Jiangsu Sheng 211100 China	Jiangning, Nanjing	China	Asia	Unspecified	Active	Not Set	34.8097	104.2874	99998	ZZZJOC - JOC GREAT WALL CORP.			Approximate
JOCKIN	Yangzhou Kingsocean Garment Co,	#29 BEIZHOU ROAD, LIDIAN QIAO, LIDIAN TOWN, GUANGLING DIS,. YANGZHOU, JIANGSU, CHINA YAGNZHOU Jiangsu Sheng China	Yagnzhou	China	Asia	Unspecified	Active	Not Set	35.0417	102.7914	40000	ZZZJOC - JOC GREAT WALL CORP.		3/02/2026	Approximate
JOCFOR	Yiwu Forthly Clothing Co. Ltd	#69,Dacheng Town,Yiwu City,Zhejiang Province Yiwu Zhejiang Sheng China	Yiwu	China	Asia	Unspecified	Inactive	Not Set	34.7497	102.9674	300000	ZZZJOC - JOC GREAT WALL CORP.		21/02/2025	Approximate
JOCNAN	Nanjing Kingsocean Garment Co. Ltd	NO. 3, ZHUFENG ROAD, ZHUZHEN TOWN, LIUHE DIS. NANJING,CHINA NANJING Jiangsu Sheng China	Nanjing	China	Asia	Unspecified	Inactive	Not Set	35.0617	104.8354	25000	ZZZJOC - JOC GREAT WALL CORP.			Approximate
ZZZKIM	Hangzhou Kimhaie Trading Co. Ltd	Floor 7, SenHe Business Plaza B，No. 238 HangHai Road, JiangGan District, HangZhou, ZheJiang Province, China . hangzhou Zhejiang Sheng 310020 China	Hangzhou, Zhejiang Province, China .	China	Asia	Unspecified	Active	Not Set	35.8057	104.1034	100000	ZZZKIM - HANGZHOU KIMHAIE TRADING CO LTD	sera.tao@kimhaie.com		Approximate
KIMTAI	Aeta Apparel Co. Ltd	National Road 3, Phum Toul Lahong, Khum Tang Doung, Srok Baty, Takeo Province, Cambodia. Phnom Penh Phnom Penh Cambodia	Phnom Penh	Cambodia	Asia	Unspecified	Inactive	Not Set	11.6577	106.387	50000	ZZZKIM - HANGZHOU KIMHAIE TRADING CO LTD		29/07/2021	Approximate
KIMXIN	Fenghua Xinhua Fashion Co. Ltd	NO.298 YUELIN ROAD EAST, FENGHUA, Ningbo NINGBO Zhejiang Sheng China	Ningbo	China	Asia	Unspecified	Active	Not Set	37.7617	104.4594	20000	ZZZKIM - HANGZHOU KIMHAIE TRADING CO LTD		28/01/2025	Approximate
KIMSHE	Ningbo Shengyada Garment Co. Ltd	XINJIAN WEST ROAD, FANGQIAO INDUSTRIAL ZONE,JIANGKOU STREET FENGHUA Ningbo ningbo Zhejiang Sheng China	Ningbo	China	Asia	Unspecified	Inactive	Not Set	35.1737	102.6074	15000	ZZZKIM - HANGZHOU KIMHAIE TRADING CO LTD			Approximate
KIMCIN	Cinkamp Apparel Corp	NR.4, Phum Prey Pring, Sankat Chom Chao, Khan Phorsenchey, Phnom Penh. Phnom Penh Phnom Penh Cambodia	Phnom Penh	Cambodia	Asia	Unspecified	Inactive	Not Set	14.3657	106.083	40000	ZZZKIM - HANGZHOU KIMHAIE TRADING CO LTD			Approximate
KIMHUI	Fenghua Huida Marking Clothes Co. Ltd	NO.98 Zhongxin West Road, Xikou Town Fenghua ningbo Zhejiang Sheng China	Ningbo	China	Asia	Unspecified	Active	Not Set	34.9417	103.5234	20000				Approximate
KIMJIN	Baoding Jinhai Garment Joint Stock Company	No. 8, Aowei Road, Rongcheng County Baoding Baoding Hebei Sheng China	Baoding	China	Asia	Unspecified	Active	Not Set	34.4617	104.5194	40000	ZZZKIM - HANGZHOU KIMHAIE TRADING CO LTD		9/02/2026	Approximate
KIMBUD	Ningbo Budisen Garment Co. Ltd	NO.2 HOUAN ROAD,FANGQIAO JIANGKOU STREET, FENGHUA DISTRICT, NINGBO NO.2 HOUAN ROAD,FANGQIAO JIANGKOU STREET, FENGHUA DISTRICT, NINGBO NINGBO Zhejiang Sheng China	Ningbo	China	Asia	Unspecified	Inactive	Not Set	37.8497	104.4714		ZZZKIM - HANGZHOU KIMHAIE TRADING CO LTD			Approximate
KIMSUZ	Suzhou Jinqie Garments Co. Ltd	Lu Xiang, Yangchenghu Town, Xiangcheng District, Suzhou City Xiangcheng district Jiangsu Sheng 215131 China	Xiangcheng District	China	Asia	Unspecified	Active	Not Set	36.9417	102.7394	10000	ZZZKIM - HANGZHOU KIMHAIE TRADING CO LTD		9/10/2025	Approximate
ZZZLEA	Wenzhou Leading International Trade Co. Ltd	No. 99, Liyuan Road The Second Phase of China Shoe Capital Industrial Zone, Lucheng District, Wenzhou, China 325007 WENZHOU Zhejiang Sheng China	Wenzhou	China	Asia	Unspecified	Active	Not Set	37.8497	104.8154	50000	ZZZLEA - WENZHOU LEADING INTERNATIONAL TRADE CO.,LTD			Approximate
LEAXUD	Zhejiang Xuda Shoes Co. Ltd	NO.47 BLOCK,THIRD STAGE PROJECT OF CHINA SHOES CAPITAL,LUCHENG DISTRICT, Wenzhou, China LUCHENG Zhejiang Sheng China	Lucheng	China	Asia	Unspecified	Active	Not Set	35.8937	104.8194	60000	ZZZLEA - WENZHOU LEADING INTERNATIONAL TRADE CO.,LTD		3/03/2022	Approximate
ZZZMAN	Ningbo Zhongrui Import & Export Co. Ltd	12/F, CHANGCHUN MANSION, NO. 159, LINGQIAO ROAD NINGBO Zhejiang Sheng 315010 China	Ningbo	China	Asia	Unspecified	Active	Not Set	36.8977	105.2114	25	ZZZMAN - Ningbo Zhongrui Import & Export Co., Ltd			Approximate
MANHEN	Zhejiang Shengzhou Henda Necktie Fashion Co. Ltd	No. 24, Yanxing Road Shengzhou Zhejiang Sheng 312400 China	Shengzhou	China	Asia	Unspecified	Active	Not Set	34.6257	105.8314	170	ZZZMAN - Ningbo Zhongrui Import & Export Co., Ltd		2/03/2026	Approximate
MANLIA	Dongguan Lianglong Metal Jewelry Co. Ltd	No.9, Tangxi street Changan Guangdong Sheng China	Changan	China	Asia	Unspecified	Active	Not Set	34.3737	103.3634	200000	ZZZMAN - Ningbo Zhongrui Import & Export Co., Ltd		2/03/2026	Approximate
ZZZMON	Ningbo Mondiland Fashions Co.,Ltd.	No.105-107,Xiwu South Road Fenghua Zhejiang Sheng China	Fenghua	China	Asia	Unspecified	Active	Not Set	37.5977	104.5554	50000	ZZZMON - NINGBO MONDILAND FASHIONS CO LTD	liubo@mondiland.com	2/12/2025	Approximate
MONMON	Ningbo Mondiland Fashions Co. Ltd	105-107, Xiwu South Road, Industry Zone, Fenghua Ningbo Zhejiang Sheng PC315505 China	Ningbo	China	Asia	Unspecified	Active	Not Set	36.8977	104.1314	39000	ZZZMON - NINGBO MONDILAND FASHIONS CO LTD		14/01/2026	Approximate
ZZZNAN	Nanjing Textiles Import & Export Corp Co. Ltd	77 NORTH YUNNAN ROAD, NANJING 210009, CHINA NANJING Jiangsu Sheng 210009 China	Nanjing	China	Asia	Unspecified	Active	Not Set	34.7817	103.2594	100000		harold.zha@nantex.com.cn		Approximate
NANDEH	Jianhu Dehua Knitting Co. Ltd	No.168 Jiangao Road,Jianhu County,Jiangsu province Jianhu Jiangsu Sheng China	Jianhu	China	Asia	Unspecified	Active	Not Set	34.1857	103.1674	55000	ZZZNAN - NANJING TEXTILES IMPORT & EXPORT CORP., LTD		14/06/2022	Approximate
NANJAD	Nantong Jade Garment Corp,. Ltd	Team No.3 Yuanzhuang Village, Yuanzhuang Town,Rudong County,Nantong City, Jiangsu Province,China RUDONG Jiangsu Sheng China	Rudong	China	Asia	Unspecified	Active	Not Set	34.3617	105.4674	35000	ZZZNAN - NANJING TEXTILES IMPORT & EXPORT CORP., LTD		30/09/2020	Approximate
ZZZPEP	Pepwing Textile Imp.&Exp. Co. Ltd	WEST OF BEISHIQIAO,YUANHUA TOWN HAINING Zhejiang Sheng 314416 China	Haining	China	Asia	Unspecified	Active	Not Set	35.7177	105.7354	80000	ZZZPEP - PEPWING TEXTILE IMP & EXP			Approximate
PEPQIN	Jiaxing Qingyang Garments Co. Ltd	NO.2 Weiqi Road, Tongyuan industrial park, Haiyan Jiaxing Zhejiang Sheng China	Jiaxing	China	Asia	Unspecified	Inactive	Not Set	36.4617	102.4874	100000	ZZZPEP - PEPWING TEXTILE IMP & EXP		10/01/2023	Approximate
PEPXUC	Shangqiu Xucheng Garments Co. Ltd	Litun Village, Huiji Town,Tuocheng City, Shangqiu Henan Sheng China	Shangqiu	China	Asia	Unspecified	Inactive	Not Set	36.0457	105.8954	5				Approximate
PEPNIM	De Nimes Apparel Co. Ltd	West of Beishiqiao,Yuanhua Town Haining Zhejiang Sheng 314416 China	Haining	China	Asia	Unspecified	Inactive	Not Set	34.7097	102.2154	80000	ZZZPEP - PEPWING TEXTILE IMP & EXP		21/09/2022	Approximate
PEPSHE	Haining City Shenshi Socks Co. Ltd	No. 53, Xinmin Road, Warp Knitting Industrial Zone Haining Zhejiang Sheng China	Haining	China	Asia	Unspecified	Active	Not Set	34.4897	102.4194	100000	ZZZPEP - PEPWING TEXTILE IMP & EXP		26/02/2026	Approximate
PEPWEL	Huzhou Well Fashion C Co. Ltd	Zhitou Village Industry Zone, Shuanglin Town Huzhou Zhejiang Sheng China	Huzhou	China	Asia	Unspecified	Inactive	Not Set	36.5817	105.1634	100000	ZZZPEP - PEPWING TEXTILE IMP & EXP		15/09/2023	Approximate
PEPJIA	Jiaxing Jiafeng Garments Co. Ltd	NO.588 ZHAWANG ROAD ZHAPU TOWN JIAXING PORT Jiaxing Zhejiang Sheng 314201 China	Jiaxing	China	Asia	Unspecified	Active	Not Set	36.5577	102.4874	80000	ZZZPEP - PEPWING TEXTILE IMP & EXP		14/03/2022	Approximate
PEPYIF	Foshan City Shunde Yifu Garments Manufacturer Co. Ltd	NO.1 YI AN ROAD JUN AN TOWN, SHUNDE DISTRICT FOSHAN Guangdong Sheng China	Foshan	China	Asia	Unspecified	Inactive	Not Set	35.2377	103.8354	300000	ZZZPEP - PEPWING TEXTILE IMP & EXP			Approximate
ZZZREF	Jiaxing Refine Fashion Co.,Ltd	A2601 EAST AREA CENERAL PLAZA JIAXING Zhejiang Sheng 314001 China	Jiaxing	China	Asia	Unspecified	Active	Not Set	36.7617	104.8834	80000	ZZZREF - JIAXING REFINE FASHION CO LTD			Approximate
REFBYB	Jiaxing Byb Garment Co. Ltd	BUILDING 3,NO.670,DADE RODA,XIUZHOU DISTRICT,JIAXING JIAXING Zhejiang Sheng China	Jiaxing	China	Asia	Unspecified	Inactive	Not Set	36.4017	103.5034		ZZZREF - JIAXING REFINE FASHION CO LTD			Approximate
REFYAQ	Jiaxing Yaqi Knitting Co. Ltd	NO.337.FENGWU ROAD,XINCHENG TOWN,XIUZHOU DISTRICT,JIAXING JIAXING Zhejiang Sheng China	Jiaxing	China	Asia	Unspecified	Inactive	Not Set	34.4377	104.8714	50000	ZZZREF - JIAXING REFINE FASHION CO LTD			Approximate
REFTON	Tonglu Weishiya Knitting Garments Co. Ltd	No.201, Xihuan Road Hencunzhen Tonglu County Hangzhou JIAXING Zhejiang Sheng China	Jiaxing	China	Asia	Unspecified	Active	Not Set	35.2737	103.9834	70000	ZZZREF - JIAXING REFINE FASHION CO LTD			Approximate
ZZZSAN	Ningbo Santo Fashion Co. Limited	Room 1104, No. 43, 9th Building No. 191 Lijiang East Road, Jiangbei District NINGBO Zhejiang Sheng 315020 China	Ningbo	China	Asia	Unspecified	Active	Not Set	36.2017	106.0874	100000	ZZZSAN - NINGBO SANTO FASHION CO.,LIMITED	dino@santofashion.com		Approximate
SANJIN	Shengzhou Jinshun Knit Garment Co. Ltd	NO.158 JINGFA ROAD, ECONOMIC ZONE SHENGZHOU Zhejiang Sheng China	Shengzhou	China	Asia	Unspecified	Inactive	Not Set	37.1857	102.9234	60000	ZZZSAN - NINGBO SANTO FASHION CO.,LIMITED		7/12/2023	Approximate
SANYAO	Yaoke Garment Factory	DONGYA INDUSTRY ZONE, QUIAI TOWN, YINZHOU DISTRICT NINGBO Zhejiang Sheng China	Ningbo	China	Asia	Unspecified	Inactive	Not Set	35.8457	105.6354	30000	ZZZSAN - NINGBO SANTO FASHION CO.,LIMITED		30/09/2020	Approximate
ZZZSUN	Ningbo Century Sunshine Trade Co. Ltd	R1316-1318 B BLD LI YUAN SHANG DU HUAN CHENG XI LU NINGBO Zhejiang Sheng 315010 China	Huan Cheng Xi Lu	China	Asia	Unspecified	Active	Not Set	34.9337	104.4874	80000	ZZZSUN - NINGBO CENTURY SUNSHINE TRADE CO.,LTD	jane@sunshine-nb.cn		Approximate
SUNHUA	Fenghua Shengshi Garment Factory	No.3 Fengsong Road, Yangjia Village, Chunhu Town, Fenghua ,Ningbo Fenghua Ninbgo Yunnan Sheng 315000 China	Fenghua Ninbgo	China	Asia	Unspecified	Active	Not Set	36.3697	104.6514	30000	ZZZSUN - NINGBO CENTURY SUNSHINE TRADE CO.,LTD		18/12/2020	Approximate
SUNHOL	Ningbo Holi Garments Co. Ltd	No5. Shewang Industrial Zone, Chunhu Town ,Fenghua Ningbo Ningbo Zhejiang Sheng China	Ningbo	China	Asia	Unspecified	Inactive	Not Set	37.7137	105.5234	60000	ZZZSUN - NINGBO CENTURY SUNSHINE TRADE CO.,LTD		13/03/2020	Approximate
ZZZVEN	Vent D'Est Garments Co. Ltd	No.7 Gangdong Street,Zhongshan District, Dalian China Dalian Liaoning Sheng China	Dalian	China	Asia	Unspecified	Active	Not Set	36.6377	102.6874	500000	ZZZVEN - DALIAN VENT D'EST GARMENTS CO LTD			Approximate
VENJIN	YINGKOU JINJI GARMENT MFG.CO.,LTD	Xingfu Road, Xiongyue Town, Economic and Technological Development Zone, Yingkou City, Liaoning Province, P.R. China Town Liaoning Sheng China	Town	China	Asia	Unspecified	Active	Not Set	36.6417	103.3794	200000	ZZZVEN - DALIAN VENT D'EST GARMENTS CO LTD			Approximate
VENVEN	Dalian Vent D'Est Lavado & Garments Co. Ltd	Shenlu Village Paotai Town Puwan New District Dalian City Liaoning Province China Town Liaoning Sheng China	Town	China	Asia	Unspecified	Inactive	Not Set	36.0377	105.8674	200000	ZZZVEN - DALIAN VENT D'EST GARMENTS CO LTD		24/09/2020	Approximate
ZZZYAO	Shengzhou City Yaou Necktie & Accessory Co. Ltd	No 1388 Xianhu Road, Sanjiang Development Zone, Shengzhou Zhejiang Sheng 312400 China	Shengzhou	China	Asia	Unspecified	Active	Not Set	37.5297	104.6234	300000	ZZZYAO - SHENGZHOU CITY YAOU NECKTIE & ACCESSORY CO.LTD			Approximate
ZZZTOP1	Top Fashion International Pty Ltd	22-24A Cahill Street, Dandenong South, VIC3175 Dandenong South Victoria 3175 Australia	Dandenong South	Australia	Oceania	Unspecified	Active	Not Set	-27.0104	132.6191	80000		newthinking.kou@gmail.com		Approximate
TOPDEH	Guangzhou Yuxian Garment Co. Ltd	No. 18, Fuling East Road, Tangmei Village, Xintang Town, Zengcheng District, Guangzhou Guangdong Sheng 511340 China	Guangzhou	China	Asia	Unspecified	Active	Not Set	35.6897	102.7954	150000	ZZZTOP1 - TOP FASHION INTERNATIONAL PTY LTD	jane@top-fashion.com.au	9/09/2021	Approximate
TOPJIE	Sichuan Jiehuang Garments Co. Ltd	1-2 Floor,The third building,No.209,Qingbaijiang North Road, Zhihe Town Chengdu Sichuan Sheng China	Chengdu	China	Asia	Unspecified	Active	Not Set	34.7297	105.7954	70000	ZZZTOP1 - TOP FASHION INTERNATIONAL PTY LTD			Approximate
YAOYAO	Shengzhou City Yaou Neckties & Accessory Factory	No 1388 Xianhu Road, Sanjiang Development Zone, Shengzhou Zhejiang Sheng 312400 China	Shengzhou	China	Asia	Unspecified	Inactive	Not Set	34.7817	105.1714	300000	ZZZYAO - SHENGZHOU CITY YAOU NECKTIE & ACCESSORY CO.LTD			Approximate
ZZZZDA	Ningbo Fenghua Hede Apparel Co. Ltd	NO. 6 XINING ROAD, XIWU STREET, FENGHUA DISTRICT, NINGBO, CHINA NINGBO Zhejiang Sheng 315505 China	Ningbo, China	China	Asia	Unspecified	Active	Not Set	35.2657	106.1714	60000	ZZZZDA - NINGBO FENGHUA HEDE APPAREL CO. LTD	TINA@ZDSHIRT.COM	16/01/2026	Approximate
ZZZWDM	WUXI DONMAU GARMENT CO.,LTD	311 DONGSHENG ROAD, DONGGANG TOWN, WUXI Jiangsu Sheng China	Wuxi	China	Asia	Unspecified	Active	Not Set	34.5817	103.6994	60000	ZZZWDM - WUXI DONMAU GARMENT CO.,LTD	elainxu@donmau.com	9/02/2026	Approximate
ZZZOPT	Yiwu Master Trade Co. Ltd	Room 806-809, 7th building, No 315 HongYun Road, YiWu,ZheJiang,China YIWU Zhejiang Sheng 322000 China	Yiwu	China	Asia	Unspecified	Active	Not Set	35.4537	103.0434	300000	ZZZOPT - YIWU MASTER TRADE CO.,LTD			Approximate
OPTDON	Taizhou Dongpuli Glasses Co. Ltd	Dafen Glasses Industrial Zone, Duqiao Town, YiWu YiWu Zhejiang Sheng China	Yiwu	China	Asia	Unspecified	Inactive	Not Set	36.2137	103.7914	600000	ZZZOPT - YIWU MASTER TRADE CO.,LTD			Approximate
ZZZYON	Ningbo Yongnan Times Garment Co. Ltd. Ningbo Yongnan Knitting Co. Ltd	East Xiangshan Gang Road Juexi Xiangshan,zhejiang Xiangshan Zhejiang Sheng 315701 China	Xiangshan	China	Asia	Unspecified	Active	Not Set	35.5737	102.9594	150	ZZZYON - NINGBO YONGNAN KNITTING CO LTD	peggy.zhang@yongnan.cn	23/08/2022	Approximate
ZZZZHO	Ningbo Zongrong Imp.&Exp. Co. Ltd	ROOM1501, YONGQIANG BUILDING,NO.639,TIANTONG SOUTH ROAD NINGBO/YINZHOU DISTRICT Zhejiang Sheng 315000 China	Ningbo/Yinzhou District	China	Asia	Unspecified	Active	Not Set	35.8377	103.9594	150000	ZZZZHO - NINGBO ZONGRONG IMP.&EXP. CO.,LTD.			Approximate
ZHOJIA	Zhejiang Jiakang Industry Co. Ltd	DACHEN INDUSTRY DISTRICT, DACHEN TOWN YIWU Zhejiang Sheng China	Yiwu	China	Asia	Unspecified	Active	Not Set	35.4297	104.1274		ZZZZHO - NINGBO ZONGRONG IMP.&EXP. CO.,LTD.			Approximate
ZHOJIN	Ningbo Yinzhou Wangtao Dress Co. Ltd	HUILONG INDUSTRY ZONE, QIUGA TOWN, YINZHOU DISTRICT NINGBO Zhejiang Sheng China	Ningbo	China	Asia	Unspecified	Inactive	Not Set	35.3537	104.5594	200000	ZZZZHO - NINGBO ZONGRONG IMP.&EXP. CO.,LTD.			Approximate
FASH012	Fashion Accessory Company Pty Ltd	1 Esta Court Doncaster Victoria 3108 Australia	Doncaster	Australia	Oceania	Unspecified	Active	Not Set	-26.6264	133.3271	300000	FASH012 - FASHION ACCESSORY COMPANY PTY. LTD	robert@fashionaco.com.au		Approximate
FASHON	Haining Hongye Knitting Co. Ltd	NO.17 JINCHANG ROAD, HAINING HAINING Zhejiang Sheng China	Haining	China	Asia	Unspecified	Inactive	Not Set	36.2857	105.3674	20	FASH012 - FASHION ACCESSORY COMPANY PTY. LTD			Approximate
GALSEN	Galleon Int. Trade Co. Ltd	26F,No 58,Qizha Street Haishu District NingBo Zhejiang Sheng 315010 China	Haishu District	China	Asia	Unspecified	Inactive	Not Set	33.9457	102.3234	120000	GAL001 - GALLEON INT. TRADE CO.,LTD.(VAST MIRACLE INTERNATIONAL)	tony@galleon.com.cn		Approximate
KIMTEN	Anhui Tengyang Clothing Co. Ltd	Building 3#, Yiliteng Industrial Park, No.19, Qinghe Road, Luyang Industrial Park, Luyang District, Hefei hefei Anhui Sheng China	Hefei	China	Asia	Unspecified	Inactive	Not Set	35.5337	105.8874	16000	ZZZKIM - HANGZHOU KIMHAIE TRADING CO LTD			Approximate
JOCQIN	Jiangsu Qinman Group	#8 HONGQI STRRET, JIANGWANG, YANGZHOU, JIANGSU HANJIANG,YAGNZHOU Jiangsu Sheng China	Hanjiang,Yagnzhou	China	Asia	Unspecified	Inactive	Not Set	35.9697	105.1634	90000	ZZZJOC - JOC GREAT WALL CORP.			Approximate
MGM001	Mgm Fortunes Pty Ltd	30 killara avenue panania sydney New South Wales 2213 Australia	Sydney	Australia	Oceania	Unspecified	Active	Not Set	-25.3344	133.9711		MGM001 - MGM FORTUNES PTY LTD			Approximate
MGMSAI	Nantong Saiying Clothing Co. Ltd	NO. 308#,LUMEN ROAD RUGAO Jiangsu Sheng China	Rugao	China	Asia	Unspecified	Inactive	Not Set	36.1417	106.0474	20000	MGM001 - MGM FORTUNES PTY LTD			Approximate
MGMJIN	Yiwu Jingtai Garments Co. Ltd	NO.699 RUIYUN ROAD DACHEN TOWN YIWU CITY YIWU CITY Zhejiang Sheng China	Yiwu City	China	Asia	Unspecified	Inactive	Not Set	34.0977	104.2034	100000	MGM001 - MGM FORTUNES PTY LTD			Approximate
MGMYIW	Yiwu Chengxin Clothing Co. Ltd	NO.90,ZHENZHONG NORTH ROAD,DACHEN TOWN YIWU CITY Zhejiang Sheng China	Yiwu City	China	Asia	Unspecified	Inactive	Not Set	36.0297	105.0514	80000	MGM001 - MGM FORTUNES PTY LTD			Approximate
ZZZMONBD	Mondol Knit Tex Ltd	KASHIMPUR, NAYAPARA GAZIPUR GAZIPUR Dhaka 1346 Bangladesh	Gazipur	Bangladesh	Asia	Unspecified	Active	Not Set	25.005	90.2843	2000000	ZZZMONBD - MONDOL KNIT TEX LTD			Approximate
ZZZWJD	Nanjing Wjd Textile Co. Ltd	Room 2601-2606, Building No.3 Jiaye International Town, No.158 Lushan Road, Jianye Nanjing Jiangsu Sheng 210019 China	Nanjing	China	Asia	Unspecified	Active	Not Set	37.7817	102.3874	20000	ZZZWJD - NANJING WJD TEXTILE CO LTD			Approximate
UNI011	Unico Universal Co. Ltd	6/F., Landmark Plaza, NO.89, Wusi Road Fuzhou China FUZHOU Fujian Sheng 350003 China	Fuzhou China	China	Asia	Unspecified	Active	Not Set	35.0057	103.3394	500000	UNI011 - UNICO UNIVERSAL CO., LTD			Approximate
VISLID	Wenzhou Liding Shoes Co. Ltd	No,1751, Wenqu East Road, Guoxi Street, Ouhai Distric Wenzhou City Zhejiang Sheng China	Wenzhou City	China	Asia	Unspecified	Inactive	Not Set	34.9737	105.8394	40	VIS005 - VISION FOOTWEAR LTD		18/10/2023	Approximate
PEPJIAN	Haiyan Jiande Garments Co. Ltd	HAIYAN JIAXING Zhejiang Sheng China	Jiaxing	China	Asia	Unspecified	Inactive	Not Set	37.4497	104.7754		ZZZPEP - PEPWING TEXTILE IMP & EXP			Approximate
UNIFUQ	Fuqing Shengda Plastic Products Co. Ltd	YUXI TOWN, FUQING CITY, FUJIAN, CHINA FUZHOU Fujian Sheng China	Fuzhou	China	Asia	Unspecified	Inactive	Not Set	37.2097	103.2074	150000	UNI011 - UNICO UNIVERSAL CO., LTD			Approximate
ZZZGLE	Ningbo Glee Cluster Info Tech Co. Ltd	Rm 5-3, Bldg #2 of Dixintong, No.515 Lamei Road, Yinzhou Ningbo Zhejiang Sheng 315040 China	Ningbo	China	Asia	Unspecified	Active	Not Set	37.8017	102.7874	299998	ZZZGLE - NINGBO GLEE CLUSTER INFO TECH			Approximate
LONGLI	Ningbo Longji Garment Co. Ltd	No.155 Baihe Road, Xiangshan Ningbo Zhejiang Sheng China	Ningbo	China	Asia	Unspecified	Inactive	Not Set	37.3417	103.3474	600000	ZZZGLE - NINGBO GLEE CLUSTER INFO TECH			Approximate
ZHOHON	Xiangshan Hongzhao Knitting Factory	JIING AN STREET, XIANGSHAN CITY, ZHEJIANG PROVINCE , CHINA, 315700 NINGBO Zhejiang Sheng China	Ningbo	China	Asia	Unspecified	Active	Not Set	34.1617	102.3034	300000	ZZZZHO - NINGBO ZONGRONG IMP.&EXP. CO.,LTD.			Approximate
SHA009	Shanghai Hansen Global Supply Co. Ltd	Room 308,11 building, 1500 LianHua Nan Road, Shanghai, China Minhang District Shanghai Shi China	Minhang District	China	Asia	Unspecified	Active	Not Set	34.2457	105.0674	50000	SHA009 - SHANGHAI HANSEN INVESTMENT CO			Approximate
SHALAN	Shaoxing Lanjian Clothing Co. Ltd	No.10, Pingjiang South Road, Yuecheng District, Shaoxing City, Zhejiang Province, China. zhejiang Zhejiang Sheng China	Zhejiang	China	Asia	Unspecified	Inactive	Not Set	37.2577	104.3114	40000	SHA009 - SHANGHAI HANSEN INVESTMENT CO			Approximate
SHAMIN	Yiwu Shi Mingsheng Raiment Co. Ltd	No. 27, Nengdali Road, Dacheng New Zone, Dacheng Town, Yiwu City, Zhejiang Province, China. Zhejiang Province, China. Zhejiang Sheng China	Zhejiang Province, China.	China	Asia	Unspecified	Inactive	Not Set	35.2057	105.9794	50000	SHA009 - SHANGHAI HANSEN INVESTMENT CO			Approximate
FIT002	The Fitting Belt Co	54 - 58 Addison Road Marrickville New South Wales 2204 Australia	Marrickville	Australia	Oceania	Unspecified	Active	Not Set	-26.5424	133.1551	1500	FIT002 - THE FITTING BELT COMPANY	sales@fbco.com.au		Approximate
FITMOO	Guangzhou Moon Shine Leather Co. Ltd	6/F No. 113 Xin Dun Road, Xin Tang Town, Guangzhou City Guangdong Sheng China	Xin Tang Town,	China	Asia	Unspecified	Inactive	Not Set	35.5497	103.3634	50000	FIT002 - THE FITTING BELT COMPANY			Approximate
TIE001	The Tie Works	179 Fulham Road ALPHINGTON Victoria 3078 Australia	Alphington	Australia	Oceania	Unspecified	Active	Not Set	-27.2664	132.9951	5000	TIE001 - TIE WORKS PTY LTD			Approximate
KAI001	Zhejiang Kaierhai Textile Garments Co. Ltd	dongtao village pingshui town shaoxing county zhejiang P.R.China SHAOXING Zhejiang Sheng 312050 China	Shaoxing	China	Asia	Unspecified	Inactive	Not Set	34.4617	105.3714	250000	KAI001 - ZHEJIANG KAIERHAI TEXTILE GARMENTS CO.,LTD			Approximate
NANXIG	Nanchang Xigao Industraial Co. Ltd	No. 888 Changdong Avenue, Qingshanhu district Nanchang Jiangxi Sheng 330000 China	Nanchang	China	Asia	Unspecified	Inactive	Not Set	34.8337	105.1474	300000	NANXIG - NANCHANG XIGAO INDUSTRIAL CO LTD			Approximate
FRE004	Freestyle Milling Group	UNIT 49 34~36 RALPH STREET,ALEXANDRA ALEXANDRA Victoria 2015 Australia	Alexandra	Australia	Oceania	Unspecified	Active	Not Set	-25.5424	131.7871		FRE004 - FREESTYLE MILLING GROUP			Approximate
FREWEI	Ningbo Weiyi Garments Co. Ltd	No.2 Jianye Road, Economic Development Zoon xiangshan Zhejiang Sheng China	Xiangshan	China	Asia	Unspecified	Inactive	Not Set	36.6137	104.9594	100	FRE004 - FREESTYLE MILLING GROUP			Approximate
FREYIJ	Yijia Garment Co. Ltd	No.2 YongFeng Industrial District, XinHua ,JunAn Town, SHUNDE Guangdong Sheng China	Shunde	China	Asia	Unspecified	Inactive	Not Set	36.2577	104.2514	30	FRE004 - FREESTYLE MILLING GROUP			Approximate
FREAUS	Auskey Apparel Co. Ltd	NO 1.ShaTou Property Buliding, JunAn Town, ShunDe District, Guangdong Province, China Fou shan Guangdong Sheng China	Fou Shan	China	Asia	Unspecified	Inactive	Not Set	35.2497	104.0714		FRE004 - FREESTYLE MILLING GROUP			Approximate
FRERUN	Jurong Runkai Garment Co;Ltd	No.158 Hongwu RD JURONG Jiangsu Sheng China	Jurong	China	Asia	Unspecified	Inactive	Not Set	36.0817	103.0354	30	FRE004 - FREESTYLE MILLING GROUP			Approximate
ZZZJST	Brightex Co. Ltd	RM 1301, BLK 3, OCEAN INT'L CENTER, NO. 166 SOUTH TAIPING ROAD NANJING Jiangsu Sheng 210002 China	Nanjing	China	Asia	Unspecified	Active	Not Set	34.5897	102.7234	200000	ZZZJST - BRIGHTEX CO LTD	zhanghuimin@brightextile.com		Approximate
SAMSAT_DONOTUSE	SAMSAT- SAMS ATTIRE LTD_DONOTUSE	BHUIYAN TOWER, PLOT # 10, ASHULIA ROAD, JAMGORA, SAVAR, DHAKA ASHULIA, JAMGORA. DHAKA 1349 Bangladesh	Ashulia, Jamgora.	Bangladesh	Asia	Unspecified	Inactive	Not Set	22.029	88.8323					Approximate
TIEQIA	Shengzhou Qiantai Garment Co. Ltd	No. 88 Jingsheng Road, East City Part of Shengzhou Economic Development Area Shengzhou Shaoxing Zhejiang Sheng China	Shengzhou	China	Asia	Unspecified	Inactive	Not Set	36.5057	104.7194	120000	TIE001 - TIE WORKS PTY LTD			Approximate
TEX004	Texcraft Singapore Pte Co. Ltd	101 CECIL STREET #09-06 TONG NG BUILDING SINGAPORE Central Singapore 69533 Singapore	Singapore	Singapore	Asia	Unspecified	Active	Not Set	1.2641	104.5718	500	TEX004 - TEXCRAFT SINGAPORE PTE LTD			Approximate
SHA010	Shanghai Unitex Apparel Co Ltd	Rm 1402, No 849 Wang Hang Du Rd Jin An Shanghai Shanghai Shi 200042 China	Jin An	China	Asia	Unspecified	Active	Not Set	36.5217	102.9394	100000				Approximate
TEST	Brightextile Co. Ltd	Rm1301, Blk3, Ocean Int'l Center, 166 South Taiping Road,Nanjing, China NANJING Jiangsu Sheng China	Nanjing	China	Asia	Unspecified	Inactive	Not Set	37.4577	103.2074					Approximate
KIMKAR	Zhejiang Karl Necktie and Dress Co. Ltd	No.68 Karl Road, Lushan District Shengzhou City Zhejiang Sheng 312499 China	Shengzhou City	China	Asia	Unspecified	Inactive	Not Set	37.0617	103.5754	250000	ZZZKIM - HANGZHOU KIMHAIE TRADING CO LTD		2/10/2020	Approximate
REECHE	Guan Cheung Garment Co. Ltd	No.9, Gaolong East Road, Gaobu Town, Dongguan City, Guangdong, China Dongguan Guangdong Sheng China	Dongguan	China	Asia	Unspecified	Inactive	Not Set	34.1297	105.3194	100000	REE002 - GUANGZHOU REEGO GARMENT CO,.LTD (EVEROLLING INVESTMENT)		12/03/2021	Approximate
BESSHE	Jiangyin Shengbin Knitting Co. Ltd	No. 195 Huannan Road Huashi Town Jiangyin jiangyin Jiangsu Sheng China	Huashi Town Jiangyin	China	Asia	Unspecified	Inactive	Not Set	35.3737	102.6874	300000	ZZZBES - ZHANGJIAGANG BEST COVER FASHION CO.,LTD			Approximate
BESSHI	Nantong Shield Suitcase Bag Co. Ltd	No. 82, East Waihuan Road Nantong nantong Jiangsu Sheng China	Nantong	China	Asia	Unspecified	Active	Not Set	34.9697	102.3954	300000	ZZZBES - ZHANGJIAGANG BEST COVER FASHION CO.,LTD			Approximate
SUNGUO	Xinyi Guotai Litian Yongjin Clothing Co. Ltd	66 Yinbin Avenue , Qipan Town Xinyi ,Xuzhou,Jiangsu Xinyi Jiangsu Sheng China	Xinyi ,Xuzhou,Jiangsu	China	Asia	Unspecified	Inactive	Not Set	37.0017	102.6034	120000	ZZZSUN - NINGBO CENTURY SUNSHINE TRADE CO.,LTD		28/04/2021	Approximate
KIMWUC	Wucho Fashion Ltd	Afsar Uddin Sheikh Complex, Hazi Liakat Ali Road, Jamgara, Ashulia, Savar, Dhaka Dhaka Dhaka Bangladesh	Dhaka	Bangladesh	Asia	Unspecified	Inactive	Not Set	23.217	89.9163	120000	ZZZKIM - HANGZHOU KIMHAIE TRADING CO LTD			Approximate
ZZZLUY	Zhejiang Luyao Shoes Co. Ltd	LUYAO SHOES COMPANY DONGMENG INDUSTRIAL AREA WUNIU YONGJIA,WENZHOU,ZHEJIANG,CHINA WENZHOU Zhejiang Sheng China	Wenzhou	China	Asia	Unspecified	Active	Not Set	36.3297	104.6634	180000	ZZZLUY - ZHEJIANG LUYAO SHOES CO.,LTD			Approximate
TEXSAM	PT. Samwon Busana Indonesia	KAWASAN INDUSTRI CANDI BLOCK 11D, GATOT SUBROTO STREET, NGALIYAN, SEMARANG, INDONESIA 50182 SEMARANG Jawa 50182 Indonesia	Semarang	Indonesia	Asia	Unspecified	Inactive	Not Set	-0.9013	115.6733	525000	TEX004 - TEXCRAFT SINGAPORE PTE LTD		20/10/2021	Approximate
TEXSTA	PT. Starcam Apparel Indonesia	Desa Mindahan RT 002 RW 001 Kel.Mindahan Kec.BateAlit Jepara Jawa Indonesia	Kec.Batealit	Indonesia	Asia	Unspecified	Active	Not Set	0.8547	112.5293		TEX004 - TEXCRAFT SINGAPORE PTE LTD			Approximate
TEXSAN	PT. Sansan Saudaratex Jaya	CIBALIGO NO.33 , CIMAHI BANDUNG Jawa 40535 Indonesia	Bandung	Indonesia	Asia	Unspecified	Inactive	Not Set	-0.8933	112.0013	3	TEX004 - TEXCRAFT SINGAPORE PTE LTD			Approximate
KRA002	Krayons Sourcing Ltd	7/F PARK FOOK INDUSTRIAL BUILDING cTAI NAN WEST STREET CHEUNG SHA WAN KOWLOON Hong Kong	West Street Cheung Sha Wan	Hong Kong	Asia	Unspecified	Active	Not Set	23.6233	112.6214		KRA002 - KRAYONS SOURCING LTD	rajnish.kapoor@krayonsourcing.com	17/08/2022	Approximate
VISHUA	Wenzhou Hualunboshi Shoes Co. Ltd	6th Floor, Building 1, No.26, Qiwei Road, Shuangyu Industrial Zone, Wenzhou City Zhejiang Sheng 325000 China	Wenzhou City	China	Asia	Unspecified	Active	Not Set	35.7417	102.2194	12	VIS005 - VISION FOOTWEAR LTD		12/02/2026	Approximate
KRAGRE	Green Smart Shirts Ltd	Tepirbari, Mawna, Sreepur, Gazipur GAZIPUR Dhaka Bangladesh	Gazipur	Bangladesh	Asia	Unspecified	Inactive	Not Set	24.193	91.2243	800	KRA002 - KRAYONS SOURCING LTD		30/08/2021	Approximate
SAM003	Ids Fashions Hong Kong Ltd	OFFICE H-12/F KING PALACE PLAZA KWUNTONG, KOWLOON Hong Kong	Kwuntong, Kowloon	Hong Kong	Asia	Unspecified	Active	Not Set	23.3473	113.3534	2	SAM003 - IDS FASHIONS HONG KONG LTD			Approximate
BELSUN	Sunny Jet Textiles Co. Ltd	NO.9 LONG QUAN ROAD GUANG LING INDUSTRY ZONE,YANG ZHOU,JIANG SU,CHINA YANG ZHOU Jiangsu Sheng 225003 China	Yang Zhou	China	Asia	Unspecified	Active	Not Set	34.0457	103.6314	2	BELL001 - BELLVIEW CORPORATION PTY LTD		22/10/2025	Approximate
SAMSAT	SAMS ATTIRE LTD	Plot# 10, Bhuiyan Tower Ashulia, Savar Dhaka 1349 Bangladesh	Ashulia, Savar	Bangladesh	Asia	Unspecified	Active	Not Set	23.277	90.1443	500	SAM003 - IDS FASHIONS HONG KONG LTD		29/09/2020	Approximate
SONUGL	Branch of Garment 10 Corp Jsc - Bim Son Garment Factory	Hammlet No 4, Quang Trung commune, Bim Son town, Thanh Hoa province, Viet nam Bim son Thanh Hóa Vietnam	Bim Son	Vietnam	Asia	Unspecified	Inactive	Not Set	14.3463	109.5972	30000	SON001C - GUANGDONG TEXTILES IMPORT & EXPORT CO, LTD (SONNETEX PTY LTD)			Approximate
ZHU002	Zhejiang Zhuji Newdan Garment Co. Ltd	NO.80 WANGYUN RD JIYANG STR., ZHUJI Zhejiang Sheng 311800 China	Jiyang Str.,	China	Asia	Unspecified	Inactive	Not Set	36.7737	102.7994	300000	ONE003 - ONE TWENTY CLOTHING COMPANY PTY LTD , ZHU002 - Zhejiang Zhuji Newdan Garment Co Ltd			Approximate
JSTLIN	Changzhou Linge Fashion Co. Ltd	No.6,Tianshan Rd., Xinbei District, Changzhou, Jiangsu, China Changzhou Jiangsu Sheng China	Changzhou	China	Asia	Unspecified	Active	Not Set	36.0497	104.7834	80000	ZZZJST - BRIGHTEX CO LTD	zheng_yi@126.com	11/12/2020	Approximate
LIANELI	Elite Garments Industries Ltd	Bade Kalmeswar, Board Bazar, Gazipur Gazipur/ Dhaka Dhaka Bangladesh	Gazipur/ Dhaka	Bangladesh	Asia	Unspecified	Inactive	Not Set	24.201	88.6123		LIAN001 - Haian Lianfa Garments. Co.,Ltd		28/10/2020	Approximate
LIAN001	Haian Lianfa Garments. Co. Ltd	88#henglian Road, Haian Nantong Jiangsu Sheng 226600 China	Nantong	China	Asia	Unspecified	Active	Not Set	35.0657	105.2274	500000				Approximate
BESNAH	Shanghai Nahai Knitting Co. Ltd. Subisidiary	No.1600 Hewu Road Baozhen Town Chongming County Shanghai Shanghai, Chongming Shanghai Shi China	Shanghai, Chongming	China	Asia	Unspecified	Inactive	Not Set	36.9217	105.8034	100000	ZZZBES - ZHANGJIAGANG BEST COVER FASHION CO.,LTD		24/02/2022	Approximate
SUNYIM	Ningbo Fenghua Yimei Garment Factory	No.1 Hua Tian Fan , Shewang Industrial Park Fenghua Ningbo Chunhu Street Zhejiang Sheng 315506 China	Fenghua Ningbo	China	Asia	Unspecified	Active	Not Set	34.2097	103.6994	30000	ZZZSUN - NINGBO CENTURY SUNSHINE TRADE CO.,LTD		16/01/2026	Approximate
SHATIN	Xiangshan Tingwang Garment Co. Ltd	East of Bus Station, Beitang Industrial Zone, Jue Xi Street, Xiangshan County, Zhejiang Province Xiangshan Zhejiang Sheng China	Xiangshan	China	Asia	Unspecified	Active	Not Set	34.8897	106.0954	60000	SHA010 - SHANGHAI UNITEX APPAREL CO LTD	asa.bergqvist@loggia.com.au	14/05/2021	Approximate
SUNLOG	Ningbo Fenghua Hualong Garment Co. Ltd	Wujiabu Village Chunhu Town Ningbo Fenghua Zhejiang Sheng 315506 China	Ningbo	China	Asia	Unspecified	Inactive	Not Set	36.6297	104.5274	40000	ZZZSUN - NINGBO CENTURY SUNSHINE TRADE CO.,LTD		11/12/2024	Approximate
TRUBES	Best Shirts Ltd	35, Kunia, Borobari, PO: National University, Gazipur Dhaka 1704 Bangladesh	Po: National University,	Bangladesh	Asia	Unspecified	Active	Not Set	24.713	88.6803	600000	ZZZTRU-True Alliance international ltd		28/05/2021	Approximate
NANQIZ	Nantong Qizhi Garment Corp Co. Ltd	No.28(East) Donghai Road Hai an City Chengdong Jiangsu Sheng 226601 China	Hai An City	China	Asia	Unspecified	Active	Not Set	34.0377	104.2434	80000	ZZZNAN - NANJING TEXTILES IMPORT & EXPORT CORP., LTD		5/01/2026	Approximate
ORIMAY	Jiaxing Maybell Labels Co. Ltd	2 Floor, Building 3, No.2, Chuangye Road, Xindai Town, Pinghu City, Zhejiang Province JIAXING CITY Zhejiang Sheng China	Jiaxing City	China	Asia	Unspecified	Inactive	Not Set	36.2417	102.7914	500000	ORI002-ORIENT INTERNATIONAL ENTERPRISE , LTD.		2/06/2022	Approximate
KIMRED	Hong Ri (Cambodia) Clothing Co. Ltd	Chrey Koang Village, Choam Chao 2 Commune, Porsenchey District, Phnom Penh City khan por senchey phnom penh Cambodia Phnom Penh 120101 Cambodia	Khan Por Senchey Phnom Penh Cambodia	Cambodia	Asia	Unspecified	Active	Not Set	11.5897	106.851	36000	ZZZKIM - HANGZHOU KIMHAIE TRADING CO LTD		12/02/2026	Approximate
REEHAO	Guangdong Haohua Garment Co. Ltd	No.5, ERHENG ROAD, MINYING WEST, XINTANG TOWN, ZENGCHENG DISTRICT, GUANGZHOU 511340,GUANGDONG,CHINA ZENGCHENG Guangdong Sheng 511340 China	Zengcheng	China	Asia	Unspecified	Inactive	Not Set	34.6737	104.5234	8100	REE002 - GUANGZHOU REEGO GARMENT CO,.LTD (EVEROLLING INVESTMENT)		14/01/2022	Approximate
KIMXIA	Anqing Xiangtai Garment Co. Ltd	329 Yingbin West Road, Yixiu District, Anqing City Anhui Province, China Anhui Province, China Anhui Sheng 246000 China	Anhui Province, China	China	Asia	Unspecified	Active	Not Set	33.8857	105.4994	25000	ZZZKIM - HANGZHOU KIMHAIE TRADING CO LTD		23/10/2025	Approximate
ZXYTDE	T-Design Knitwear Limited	Boherarchala, Gazipur, Sreepur, Dhaka 1740 Bangladesh	Gazipur,	Bangladesh	Asia	Unspecified	Active	Not Set	22.197	90.0723	600000	ZZZZXY - ZXY INTERNATIONAL DMCC		12/09/2023	Approximate
ZZZZXY	Zxy International Dmcc	2701 PLATINUM TOWER, CLUSTER I, JUMEIRAH LAKES TOWERS, DUBAI Dhaka Bangladesh	Dubai	Bangladesh	Asia	Unspecified	Active	Not Set	24.429	90.8283	50000000				Approximate
PEPTIA	Tongxiang Tianlu Garment Co. Ltd	No.422, Xingyuan Road, Minxing/Wuzhen, Tongxiang JIAXING Zhejiang Sheng China	Jiaxing	China	Asia	Unspecified	Active	Not Set	37.3617	106.0434	45000	ZZZPEP - PEPWING TEXTILE IMP & EXP			Approximate
ENJ001	Enjoy International ( Shanghai ) Limited	RM6F24, 6TH FLOOR, NO.2299, YANAN ROAD, SHANGHAI , CHINA SHANGHAI Shanghai Shi China	Shanghai	China	Asia	Unspecified	Active	Not Set	34.9777	106.1314	200000	ENJ001 - ENJOY INTERNATIONAL ( SHANGHAI ) LIMITED			Approximate
ENJSHE	Zhangjiagang City Shenyuan Knitting Clothing Co. Ltd	No.70, Jiangjia Road, Miaoqiao Tangqiao Town, Zhangjiagang City, Jiangsu province Jiangsu Sheng China	Jiangsu Sheng	China	Asia	Unspecified	Inactive	Not Set	37.8177	104.1154	100000	ENJ001 - ENJOY INTERNATIONAL ( SHANGHAI ) LIMITED		19/01/2023	Approximate
SONTUS	Haifeng Tushadi Garment Co. Ltd	No.3-8, 16 Mi Rd, Poping District, Gongping Town, Haifeng,Guangdong,China Shanwei Guangdong Sheng China	Shanwei	China	Asia	Unspecified	Inactive	Not Set	36.7057	103.0354	100000	SON001C - GUANGDONG TEXTILES IMPORT & EXPORT CO, LTD (SONNETEX PTY LTD)		14/03/2024	Approximate
SONJIA	Haifeng Jianyue Garment Co. Ltd	SOUTH OF DONGFU XIAOQU,GONGDI SHAN INDUSTRIAL DISTRICT, CHEN DONG TOWN, HAI FENG SHANWEI CITY Guangdong Sheng China	Shanwei City	China	Asia	Unspecified	Inactive	Not Set	33.9017	103.0634	2250	SON001C - GUANGDONG TEXTILES IMPORT & EXPORT CO, LTD (SONNETEX PTY LTD)		15/02/2023	Approximate
TRUSOL	Xuzhou Solhfa Garment Co. Ltd	#8 Xingye road, Ningjiang Industrial Park Suining Xuzhou City Jiangsu Sheng China	Suining	China	Asia	Unspecified	Inactive	Not Set	37.2217	102.6874	30000	ZZZTRU-True Alliance international ltd		27/09/2021	Approximate
AQU001	Aquila Pty Ltd	7 Saligna Drive Tullamarine Victoria 3043 Australia	Tullamarine	Australia	Oceania	Unspecified	Inactive	Not Set	-24.3704	132.5591	1	AQU001 - Aquila Pty Ltd			Approximate
UNI020	Unique Exports	16A Leather Technology Park, UPSIDC Industrial Area Banthar Unnao Kanpur Uttar Pradesh 208010 India	Kanpur	India	Asia	Unspecified	Active	Not Set	20.9537	77.3629	1	UNI020- Unique Exports		20/02/2025	Approximate
REESHU	Xingguo Shun Hong Run Garment Co. Ltd	Block A, Economic Development Zone,Xingguo County GANZHOU Jiangxi Sheng 342400 China	Ganzhou	China	Asia	Unspecified	Inactive	Not Set	34.9697	102.8674	9000	REE002 - GUANGZHOU REEGO GARMENT CO,.LTD (EVEROLLING INVESTMENT)			Approximate
FIBYUA	Wenzhou Yuanfang Leather Co. Ltd	NO.1-5 Qianjiang Road,Shuitou,Pingyang,wenzhou,zhejiang sheng, Wenzhou Zhejiang Sheng 325405 China	Wenzhou	China	Asia	Unspecified	Active	Not Set	37.6377	102.9154	45000	FIB001 - FIBRE INTERNATIONAL LTD		18/02/2026	Approximate
ZXYANL	Anlima Textiles	C/O UNLIMA TEXTILES, UNIT 2701 PLATINAM TOWER, PLOT NO JLT PH1-12 DUBAI Dhaka Bangladesh	Dubai	Bangladesh	Asia	Unspecified	Inactive	Not Set	22.009	91.2123	3000000	ZZZZXY - ZXY INTERNATIONAL DMCC		8/08/2023	Approximate
KRAALE	Aleya Apparels Limited	244 Singair Road Savar Hemayetpur Dhaka 1340 Bangladesh	Savar	Bangladesh	Asia	Unspecified	Active	Not Set	24.685	89.0643	300005	KRA002 - KRAYONS SOURCING LTD		17/08/2022	Approximate
TEXGLO	Pt Globalindo Intimates	JL. JOMBOR POKAK RT 01/RW01 KELURAHAN JOMBOR KEC. CEPER KLATEN JAWA TENGAH KLATEN - JAWA TENGAH Jawa 57456 Indonesia	Klaten - Jawa Tengah	Indonesia	Asia	Unspecified	Inactive	Not Set	-1.0333	113.2573	1000000	TEX004 - TEXCRAFT SINGAPORE PTE LTD		15/03/2022	Approximate
FIBOUX	Guangzhou Ouxin Leather Factory	Room 201, No. 41-6, Changhong East Road, Jiahe Street, Baiyun District Guizhou Sheng 510000 China	Baiyun District	China	Asia	Unspecified	Inactive	Not Set	36.4417	106.1034	25000	FIB001 - FIBRE INTERNATIONAL LTD			Approximate
SUNNUO	Yiwu Nuohua Clothes Co. Ltd	No 130, South Zheng Zhong Road Yiwu City Jinhua Dachen Town Zhejiang Sheng 322011 China	Yiwu City Jinhua	China	Asia	Unspecified	Inactive	Not Set	37.6377	103.0154	45000	ZZZSUN - NINGBO CENTURY SUNSHINE TRADE CO.,LTD		28/02/2022	Approximate
REEGAN	Ganzhou Coolwolf Garment Co. Ltd	No.56-11, Baokuang Road, Shang Ou Industrial Area, Yudu County Ganzhou Jiangxi Sheng 342300 China	Ganzhou	China	Asia	Unspecified	Inactive	Not Set	34.0257	103.5634	36000	REE002 - GUANGZHOU REEGO GARMENT CO,.LTD (EVEROLLING INVESTMENT)		23/02/2023	Approximate
LIANHEN	Lianfa Hengyu (Cambodia) Garment	Phun Snampreah, Khun Snampreah, Srok Bakarn, Khet Porsat Province, Cambodia. Porsat Pousaat 120501 Cambodia	Porsat	Cambodia	Asia	Unspecified	Active	Not Set	11.4017	106.571	360000	LIAN001 - Haian Lianfa Garments. Co.,Ltd		2/03/2026	Approximate
GLEFUL	Ningbo Miles Fashion Co. Ltd	RM 1406, #2 BLDG OF DIXINTONG, NO.515 LAMEI ROAD, YINZHOU NINGBO Zhejiang Sheng 315010 China	Ningbo	China	Asia	Unspecified	Active	Not Set	36.3057	105.6994	100	ZZZGLE - NINGBO GLEE CLUSTER INFO TECH		2/02/2026	Approximate
VISJIN	Wenzhou Jinsha Shoes Co. Ltd	No.200, Yuan Qu Da Dao, Dongou Industrial Zone, Oubei Town Yongjia County Wenzhou City Zhejiang Sheng China	Yongjia County	China	Asia	Unspecified	Inactive	Not Set	36.8657	103.5234	21000	VIS005 - VISION FOOTWEAR LTD		18/10/2023	Approximate
ZXYEVE	Eve Dress-Shirts Limited	Holding # 219, Road # Anowar Jung, Ward # 05, Block # A, Ashulia, Savar, , Bangladesh. Ashulia, Savar Dhaka Dhaka-1341 Bangladesh	Ashulia, Savar	Bangladesh	Asia	Unspecified	Active	Not Set	22.717	88.9803	430000	ZZZZXY - ZXY INTERNATIONAL DMCC		17/02/2026	Approximate
LEAGED	Wenzhou Gedan Shoes Co. Ltd	No.12 Jiaotou Road, Heyi Industry Zone, YONGJIA Zhejiang Sheng 325102 China	Yongjia	China	Asia	Unspecified	Inactive	Not Set	34.3057	103.9274	50000	ZZZLEA - WENZHOU LEADING INTERNATIONAL TRADE CO.,LTD		7/07/2022	Approximate
MANMEN	Dongguan Mengjie Metal Product Co. Ltd	ROOM 105, BUILDING 2, NO. 28 HESHUN ROAD, SHATOU COMMUNITY, DONGGUAN CITY SHATOU COMMUNITY, CHANG AN TOWN, Guangdong Sheng China	Dongguan City	China	Asia	Unspecified	Inactive	Not Set	37.7017	104.3554	400000	ZZZMAN - Ningbo Zhongrui Import & Export Co., Ltd		12/10/2023	Approximate
FIBAPO	Prime Shoes	A-49 Sector 58,Gautam Budh Nagar, U.P. Noida Wellington New Zealand	Noida	New Zealand	Oceania	Unspecified	Inactive	Not Set	-42.6086	176.758	30000	FIB001 - FIBRE INTERNATIONAL LTD			Approximate
FIBJHA	Jhanji Exports Pvt Co. Ltd	C-32, Okhla Industrial Area, Phase-I New Delhi Delhi 110020 India	New Delhi	India	Asia	Unspecified	Inactive	Not Set	21.1777	80.0269	50000	FIB001 - FIBRE INTERNATIONAL LTD		26/08/2022	Approximate
ZXYCRO	Zxy- Crown Wears (Pvt.) Ltd	Jamirdia, Masterbari, Bhaluka, Mymensingh, Bangladesh Mymensingh Dhaka 2240 Bangladesh	Mymensingh	Bangladesh	Asia	Unspecified	Active	Not Set	24.377	90.6483	1600000	ZZZZXY - ZXY INTERNATIONAL DMCC		10/01/2023	Approximate
FIBLUM	Lumens India	PLOT NO 45, 2 NO GOVT COLONY, PO-KANTATALA Kolkota West Bengal 743502 India	Kolkota	India	Asia	Unspecified	Inactive	Not Set	19.3897	79.1829	30000	FIB001 - FIBRE INTERNATIONAL LTD		18/01/2023	Approximate
ENJHON	Zhangjiagang Hongfeng Computer Knitting Co. Ltd	No.375 Yongjin Road Miaoqiao Town Zhangjiagang City Jiangsu Sheng China	Zhangjiagang City	China	Asia	Unspecified	Inactive	Not Set	35.4337	102.4114	40	ENJ001 - ENJOY INTERNATIONAL ( SHANGHAI ) LIMITED		2/11/2023	Approximate
LEAXIN	Wenzhou Xingli Shoes Co. Ltd	NO.99,LIYUAN ROAD THE SECOND PHASE OF CHINA SHOE CAPITAL INDUSTRIAL LUCHENG Zhejiang Sheng 325000 China	Of China Shoe Capital Industrial	China	Asia	Unspecified	Active	Not Set	36.6217	103.5434	50000	ZZZLEA - WENZHOU LEADING INTERNATIONAL TRADE CO.,LTD		13/02/2026	Approximate
TOPAFM	Artistic Fabric Mills (Pvt.) Ltd	Plot 6 & 7 , Sector 21 , Korangi Industrial Area, 74900 . Karachi , Pakistan Karachi Sindh 74900 Pakistan	Karachi	Pakistan	Asia	Unspecified	Active	Not Set	32.0673	67.4651	1000000	ZZZTOP1 - TOP FASHION INTERNATIONAL PTY LTD			Approximate
VISCHO	Chowdhary Overseas Limited	D-1/A, UPSIDC INDUSTRIAL AREA SITE 2 UNNAO 209801, U.P Uttar Pradesh India	Uttar Pradesh	India	Asia	Unspecified	Inactive	Not Set	22.1217	78.7349	40000	VIS005 - VISION FOOTWEAR LTD		2/02/2024	Approximate
TOPSSA	Section Seven Apparels Ltd	PLOT 1&2, SECTOR 6/A, CEPZ CHITTAGONG 4223, BANGLADESH CHITTAGONG Dhaka 4223 Bangladesh	Chittagong	Bangladesh	Asia	Unspecified	Active	Not Set	22.997	90.7763	100000	ZZZTOP1 - TOP FASHION INTERNATIONAL PTY LTD			Approximate
SUNHEN	Ningbo Fenghua Hengxiang Garments Factroy	SheWang Industrial Park Chunhu Ningbo Fenghua District Zhejiang Sheng 0574 China	Ningbo	China	Asia	Unspecified	Inactive	Not Set	36.0737	103.4554	20000	ZZZSUN - NINGBO CENTURY SUNSHINE TRADE CO.,LTD		11/01/2023	Approximate
VISKAN	Wenzhou Kangsen Shoes Co. Ltd	No.28 HaodaRoad, Quxi Street, Ouhai District, Wenzhou City Zhejiang Sheng China	Wenzhou City	China	Asia	Unspecified	Inactive	Not Set	35.4017	105.0514	50000	VIS005 - VISION FOOTWEAR LTD		29/09/2024	Approximate
AKH010	AKH ECO APPARELS LTD.	495, Balitha, Shahbelishweri, Dhamrai, Dhaka-1800, Bangladesh 133-134, Hemayetpur, Savar, Dhaka Dhaka Dhaka 1340 Bangladesh	Dhaka	Bangladesh	Asia	Unspecified	Active	Not Set	24.017	91.9563		AKH010 - AKH ECO APPARELS LTD.		27/02/2026	Approximate
SYN002	Synergies Hong Kong Limited	UNIT J, 26TH FLOOR, MAXGRAND PLAZA, 3 TAI YAU STREET, SAN PO KONG, KOWLOON 999077 Hong Kong	Kowloon	Hong Kong	Asia	Unspecified	Active	Not Set	21.9113	114.4134		SYN002 - SYNERGIES HONG KONG LIMITED			Approximate
TFGCCL	Creative Collections Ltd	69, 107, Nishat Nagar, Tongi, Gazipur-1711,Tongi,Dhaka,Bangladesh Gazipur-1711,Tongi Dhaka 1711 Bangladesh	Dhaka	Bangladesh	Asia	Unspecified	Active	Not Set	24.465	91.1443		SYN002 - SYNERGIES HONG KONG LIMITED		31/08/2023	Approximate
USA010	Us Apparel & Textiles Pvt Ltd	3 KM Defence-Raiwind Road Lahore 53700 Pakistan Lahore Islamabad 53700 Pakistan	Lahore	Pakistan	Asia	Unspecified	Active	Not Set	31.6553	69.6571		USA010 - US Apparel & Textiles Pvt Ltd	akifmajeed@usaparel.com	20/02/2026	Approximate
OXF002	Oxford Knit Composite Ltd	260, Ariab, Borpa, Rupshi Narayangonj Dhaka 1460 Bangladesh	Narayangonj	Bangladesh	Asia	Unspecified	Inactive	Not Set	22.657	89.5163		OXF002 - Oxford Knit Composite Ltd.		20/04/2023	Approximate
TOPKAZ	Kazipur Fashions Limited	Plot # 647-652, 1 No. Kalma, Dairy Firm, Savar, Dhaka, Bangladesh Dhaka Dhaka Bangladesh	Dairy Firm, Savar, Dhaka, Bangladesh	Bangladesh	Asia	Unspecified	Active	Not Set	22.741	92.2563		ZZZTOP1 - TOP FASHION INTERNATIONAL PTY LTD			Approximate
SYNBRA	Bravo Apparel Manufacturer Ltd	Alam Tower, Plot No: 10-12, Tongi I/A Gazipur Block-C, Himardighi,Tongi, Dhaka 1710 Bangladesh	Gazipur	Bangladesh	Asia	Unspecified	Inactive	Not Set	24.833	89.8003		SYN002 - SYNERGIES HONG KONG LIMITED		5/09/2023	Approximate
DEW011	Castlecrafts Limited T/A Dewhirst	DEWHIRST HOUSE WESTGATE, DRIFFELD England YO25 6TH United Kingdom	Westgate, Driffeld	United Kingdom	Europe	Unspecified	Active	Not Set	55.0381	-1.656		DEW011 - CASTLECRAFTS LIMITED T/A DEWHIRST			Approximate
DEWSHA	Shanta Industries Limited	Plot No 198 & 201/220 & 223, DEPZ Extension Area, Ganakbari, Saver Dhaka Dhaka 1349 Bangladesh	Dhaka	Bangladesh	Asia	Unspecified	Active	Not Set	22.353	91.1843		DEW011 - CASTLECRAFTS LIMITED T/A DEWHIRST		20/02/2026	Approximate
TAR010	Tarway Exports Pvt Co. Ltd	33 Dr. Rajendra Road Unit 1A Kolkata West Bengal 700020 India	Kolkata	India	Asia	Unspecified	Active	Not Set	21.5137	78.1909		TAR010 - TARWAY EXPORTS PVT. LTD.		21/10/2025	Approximate
OXF001	Oxford Shirts Ltd.	Shouth Salna, Salna Bazar, Sadar. Gazipur Dhaka 1703 Bangladesh	Gazipur	Bangladesh	Asia	Unspecified	Inactive	Not Set	23.109	89.6243	800000	OXF001 - Oxford Shirts Ltd.		5/04/2023	Approximate
BAB020	Babylon Garments Limited	2-B/1, Darussalam Road, Mirpur,Dhaka-1216 Dhaka Dhaka Bangladesh	Dhaka	Bangladesh	Asia	Unspecified	Active	Not Set	22.625	91.6163		BAB020 - Babylon Garments Limited		27/05/2025	Approximate
ZXYZSI	Zara Socks Industries	59, Malipara, Bhawal Rajabari, Sreepur 1740, Gazipur Dhaka Bangladesh	Dhaka	Bangladesh	Asia	Unspecified	Inactive	Not Set	24.013	89.3843		ZZZZXY - ZXY INTERNATIONAL DMCC		9/03/2023	Approximate
EVE011	Ever-Glory International Group Apparel Inc.	509 Chengxin Avenue ,Jiangning District Nanjing Jiangsu China 211102 Jiangsu Sheng China	Jiangsu Sheng	China	Asia	Unspecified	Active	Not Set	36.9657	105.6034		EVE011 - Ever-Glory International Group Apparel Inc.			Approximate
YIP001	Premier (Hong Kong)Tech. Garment Co. Limited	Room 420, 4/F, Nan Fung Commercial Centre 19 Lam Lok Street, Kowloon Bay, Hong Kong Kowloon Bay Hong Kong	Kowloon Bay	Hong Kong	Asia	Unspecified	Active	Not Set	21.9073	115.2174	120000	YIP001 - Premier (Hong Kong) Tech Garment C	phoebe@chaoantex.com		Approximate
SONPTG	Premier Tech Garment (Cambodia) Co. Ltd	PHUM TRAPEANG CHHUK, KHUM SOUPHI SROK BATI, TAKEO PROVINCE, KINGDOM OF CAMBODIA SROK BATI Phnom Penh Cambodia	Srok Bati	Cambodia	Asia	Unspecified	Active	Not Set	12.4577	105.067		YIP001 - Premier (Hong Kong) Tech Garment C		18/02/2026	Approximate
NANGOO	Jiangdu Goodfaith Making Clothes Co. Ltd	Zongcun Village, Xiaoji Town, Jiangdu District,Yangzhou Jiangsu Sheng China	Jiangdu District,Yangzhou	China	Asia	Unspecified	Inactive	Not Set	35.3177	103.0194		ZZZNAN - NANJING TEXTILES IMPORT & EXPORT CORP., LTD			Approximate
SON010	Sonia and Sweaters Ltd	Plot-604, Kondolbagh, Taibpur, Ashulia Road, Savar, Dhaka-1341, Bangladesh. Dhaka Dhaka 1341 Bangladesh	Dhaka	Bangladesh	Asia	Unspecified	Active	Not Set	21.969	90.3123		SON010 - Sonia and Sweaters Ltd.		16/02/2026	Approximate
SHI010	Shining(Cambodia) Belt & Bag Co. Ltd	No. A, Phum Breikhvar, Khum Rokakos,Sruk Khongbisey Phnom Penh Kampong Spueu Cambodia	Phnom Penh	Cambodia	Asia	Unspecified	Active	Not Set	12.0057	104.819		SHI010 - Shining(Cambodia) Belt & Bag Co., Ltd		17/02/2026	Approximate
UNI010	Universal Menswear Limited	Plot # 234-238 & 252-254, Adamjee EPZ Narayanganj Dhaka 1431 Bangladesh	Narayanganj	Bangladesh	Asia	Unspecified	Active	Not Set	25.125	91.0723		UNI010 - Universal Menswear Limited		4/02/2026	Approximate
BESSEA	Sincere Season (Cambodia) Garmentco Co. Ltd	BOEUNG KEAK VILLAGE, PREK ROKA COMMUNE, KANDAL STEUNG, DISTYICT, KANDAL PROVINCE KANDAL STEUNG Baat Dambang Cambodia	Kandal Steung	Cambodia	Asia	Unspecified	Inactive	Not Set	13.5977	103.135		ZZZBES - ZHANGJIAGANG BEST COVER FASHION CO.,LTD			Approximate
MAS020	Mascot Ltd. Dmcc	Unit No: 1304, SABA 1, Plot No: JLT-PH1-E3A, Jumeirah Lakes Towers, Dubai, UAE Dubai ‘Ajmān 500001 United Arab Emirates	Dubai	United Arab Emirates	Middle East	Unspecified	Active	Not Set	22.4441	52.3518		MAS020 - MASCOT LTD. DMCC	shoeb@fcibd.com		Approximate
MASHEL	Helicon Ltd	Plot No: 127, Dhaka Export Processing Zone,Ganakbari, Ashulia, Savar, Dhaka-1349 Dhaka Dhaka Bangladesh	Dhaka	Bangladesh	Asia	Unspecified	Inactive	Not Set	24.037	89.8363		MAS020 - MASCOT LTD. DMCC		17/07/2024	Approximate
BESGIV	Given Clothing Garment (Cambodia) Co. Ltd	Phum Trapeang Preah, Sangkat Kandaol Dom, Krong Chbar Mon Khet Kampong Speu, Cambodia Krong Chbar Mon Kampong Spueu Cambodia	Khet Kampong Speu, Cambodia	Cambodia	Asia	Unspecified	Inactive	Not Set	12.7297	106.095		ZZZBES - ZHANGJIAGANG BEST COVER FASHION CO.,LTD			Approximate
SOF010	Softex Sweater Industries (Pvt.) Ltd	Plot 165-166, DEPZ (Extension Area), Ganakbari, Savar, Dhaka, Bangladesh Suite B&C, Level 6, Concord I-K Tower, Gulshan - 2, Dhaka Savar Dhaka 1212 Bangladesh	Savar	Bangladesh	Asia	Unspecified	Active	Not Set	22.705	90.5523		SOF010- Softex Sweater Industries (Pvt.) Ltd.		17/02/2026	Approximate
EVEVIE	Ever-Glory Vietnam Garment Co. Ltd	Namsach Industrial Zone,Nam Sach HaiDuong Hai Duong Hải Dương 170000 Vietnam	Hai Duong	Vietnam	Asia	Unspecified	Active	Not Set	15.2423	107.2532		EVE011 - Ever-Glory International Group Apparel Inc.		18/02/2026	Approximate
ZAMNAT	Nationalcottageindustries	84 HSIIDC PHASE-1 kundli Haryana 131028 India	Kundli	India	Asia	Unspecified	Active	Not Set	19.1017	78.5469		ZAM010 - Zamco Apparel Pvt. Ltd.		27/02/2025	Approximate
ZAM010	Zamco Apparel Pvt Co. Ltd	8/3809 , D1 JP Nagar ,3rd Street , Koothampalayam Pirivu, Pooluvapatti (Post),P.N. Road Tirupur Tamil Nadu 641602 India	Pooluvapatti (Post),P.N. Road	India	Asia	Unspecified	Active	Not Set	20.7537	78.0989					Approximate
YOU010	Young Socks Limited	SREEPUR, GANAKBARI,ASHULIA SAVAR Barisal 1349 Bangladesh	Savar	Bangladesh	Asia	Unspecified	Active	Not Set	22.325	91.5563		YOU010 - YOUNG SOCKS LIMITED	info@youngbd.com	26/02/2026	Approximate
YAS010	Yasin Knittex Industries Limited	South Panishail Gazipur Sadar Zirani Bazar Barisal 1349 Bangladesh	Gazipur Sadar	Bangladesh	Asia	Unspecified	Active	Not Set	23.065	90.7283		YAS010 - Yasin Knittex Industries Limited		5/01/2026	Approximate
ALP001	Alpha Overseas International Pvt Co. Ltd	16, CAMAC STREET, KOLKATA West Bengal 700017 India	Camac Street,	India	Asia	Unspecified	Active	Not Set	18.8337	78.2509		ALP001 - ALPHA OVERSEAS INTERNATIONAL PVT. LTD	aoipl@alphaindia.com	9/10/2025	Approximate
KIMSUQ	Suqian Qijiena Garment Co. Ltd	Building No. 15, Network,Entrepreneurship Park, Yaogou,Economic Development Zone,Sihong County, Suqian, Jiangsu,Sheng, China jiangsu Anhui Sheng China	Jiangsu	China	Asia	Unspecified	Inactive	Not Set	37.2657	103.4314		ZZZKIM - HANGZHOU KIMHAIE TRADING CO LTD			Approximate
SYNFAS	Fashion Forum Ltd	53-54 Jamgora, Ashulia, Dhaka Savar Dhaka 1349 Bangladesh	Dhaka	Bangladesh	Asia	Unspecified	Active	Not Set	23.769	88.6443		SYN002 - SYNERGIES HONG KONG LIMITED		20/06/2024	Approximate
EOC001	Eo Co. Ltd	12, DIGITAL-RO 31 GIL GURO-GU, SEOUL Seoul-teukbyeolsi 08380 South Korea	Guro-Gu, Seoul	South Korea	Asia	Unspecified	Active	Not Set	36.8038	128.8629		EOC001 - EO CO LTD		20/02/2024	Approximate
ZAMTEX	Texport Industries Pvt Ltd.	NO. 459 B 10TH A CROSS BENGALURU PEENYA 4TH PHASE Karnataka 560058 India	Bengaluru	India	Asia	Unspecified	Inactive	Not Set	20.9977	78.8429		ZAM010 - Zamco Apparel Pvt. Ltd.	manu@zxyinternational.com		Approximate
EOCVIN	Eo Vina Co. Ltd	LOT1, KHAI QUANG IZ, VINH YEN CITY Vĩnh Phúc 15000 Vietnam	Vinh Yen City	Vietnam	Asia	Unspecified	Active	Not Set	15.3583	108.7612		EOC001 - EO CO LTD		12/11/2025	Approximate
SHAMAI	Fuyang Maizi Clothing Co. Ltd	Room401,building5#of Anhui,Meifuyuan Biotechnology Co>.,Ltd.,No5, Zhou 13th Road Yingzhou District,Fuyang City Anhui Sheng China	Yingzhou District,Fuyang City	China	Asia	Unspecified	Active	Not Set	37.6857	102.9394		SHA010 - SHANGHAI UNITEX APPAREL CO LTD		2/02/2026	Approximate
SYNHAQ	Haque Apparels & Textile Ltd	Baroipara-1349, Shimulia, Ashulia, Savar, Dhaka, Bangladesh. Savar Dhaka Baroipara-1349 Bangladesh	Savar	Bangladesh	Asia	Unspecified	Active	Not Set	25.093	88.5403		SYN002 - SYNERGIES HONG KONG LIMITED		3/01/2025	Approximate
PHOTUY	Branch of Phong Phu International Joint Stock Company-Tuyen Quang	Khuan Rang Hamlet, Phuc Ung Commune, Son Duong District Tuyen Quang Tuyên Quang Vietnam	Tuyen Quang	Vietnam	Asia	Unspecified	Active	Not Set	14.2543	108.3452		PHO001 - Phong Phu International Joint Stock Company	nbhuy@ppj-international.com	30/01/2026	Approximate
PHO001	Phong Phu International Joint Stock Company	No 48, Tang Nhon Phu Street, Tang Nhon Phu B Ward, Thu Duc City Ho Chi Minh City Ho Chi Minh 700000 Vietnam	Ho Chi Minh City	Vietnam	Asia	Unspecified	Active	Not Set	15.2743	108.0052		PHO001 - Phong Phu International Joint Stock Company	chris@ppj-international.com		Approximate
MASTAL	Talisman Ltd (New Unit)	Plot #170-176 DEPZ Extension area Savar,Dhaka Dhaka 1230 Bangladesh	Savar,Dhaka	Bangladesh	Asia	Unspecified	Active	Not Set	24.957	91.0123		MAS020 - MASCOT LTD. DMCC		9/01/2025	Approximate
